Record Length,2.500000e+03,,   0.067360000000,  -0.27200,
Sample Interval,2.000000e-05,,   0.067380000000,  -0.32800,
Trigger Point,-3.368000000000e+03,,   0.067400000000,  -0.33600,
,,,   0.067420000000,  -0.33600,
,,,   0.067440000000,  -0.40000,
,,,   0.067460000000,  -0.45600,
Source,CH1,,   0.067480000000,  -0.44000,
Vertical Units,V,,   0.067500000000,  -0.50400,
Vertical Scale,2.000000e-01,,   0.067520000000,  -0.56000,
Vertical Offset,-3.200000e-02,,   0.067540000000,  -0.54400,
Horizontal Units,s,,   0.067560000000,  -0.56800,
Horizontal Scale,5.000000e-03,,   0.067580000000,  -0.60800,
Pt Fmt,Y,,   0.067600000000,  -0.60000,
Yzero,0.000000e+00,,   0.067620000000,  -0.56800,
Probe Atten,1.000000e+00,,   0.067640000000,  -0.58400,
Model Number,TDS2012B,,   0.067660000000,  -0.58400,
Serial Number,C063265,,   0.067680000000,  -0.48800,
Firmware Version,FV:v22.01,,   0.067700000000,  -0.47200,
,,,0.067720000000,  -0.45600,
,,,0.067740000000,  -0.36800,
,,,0.067760000000,  -0.36000,
,,,0.067780000000,  -0.36000,
,,,0.067800000000,  -0.33600,
,,,0.067820000000,  -0.28800,
,,,0.067840000000,  -0.29600,
,,,0.067860000000,  -0.29600,
,,,0.067880000000,  -0.21600,
,,,0.067900000000,  -0.23200,
,,,0.067920000000,  -0.24000,
,,,0.067940000000,  -0.17600,
,,,0.067960000000,  -0.18400,
,,,0.067980000000,  -0.20000,
,,,0.068000000000,  -0.19200,
,,,0.068020000000,  -0.16000,
,,,0.068040000000,  -0.19200,
,,,0.068060000000,  -0.20000,
,,,0.068080000000,  -0.14400,
,,,0.068100000000,  -0.18400,
,,,0.068120000000,  -0.20800,
,,,0.068140000000,  -0.14400,
,,,0.068160000000,  -0.16000,
,,,0.068180000000,  -0.17600,
,,,0.068200000000,  -0.16000,
,,,0.068220000000,  -0.14400,
,,,0.068240000000,  -0.19200,
,,,0.068260000000,  -0.20800,
,,,0.068280000000,  -0.16000,
,,,0.068300000000,  -0.17600,
,,,0.068320000000,  -0.20000,
,,,0.068340000000,  -0.13600,
,,,0.068360000000,  -0.15200,
,,,0.068380000000,  -0.17600,
,,,0.068400000000,  -0.16000,
,,,0.068420000000,  -0.12800,
,,,0.068440000000,  -0.16800,
,,,0.068460000000,  -0.18400,
,,,0.068480000000,  -0.12800,
,,,0.068500000000,  -0.16000,
,,,0.068520000000,  -0.18400,
,,,0.068540000000,  -0.12800,
,,,0.068560000000,  -0.14400,
,,,0.068580000000,  -0.16800,
,,,0.068600000000,  -0.16800,
,,,0.068620000000,  -0.14400,
,,,0.068640000000,  -0.16800,
,,,0.068660000000,  -0.18400,
,,,0.068680000000,  -0.12800,
,,,0.068700000000,  -0.16800,
,,,0.068720000000,  -0.18400,
,,,0.068740000000,  -0.12000,
,,,0.068760000000,  -0.13600,
,,,0.068780000000,  -0.16800,
,,,0.068800000000,  -0.14400,
,,,0.068820000000,  -0.12800,
,,,0.068840000000,  -0.16000,
,,,0.068860000000,  -0.16800,
,,,0.068880000000,  -0.13600,
,,,0.068900000000,  -0.16800,
,,,0.068920000000,  -0.17600,
,,,0.068940000000,  -0.12800,
,,,0.068960000000,  -0.15200,
,,,0.068980000000,  -0.16800,
,,,0.069000000000,  -0.13600,
,,,0.069020000000,  -0.12000,
,,,0.069040000000,  -0.14400,
,,,0.069060000000,  -0.16000,
,,,0.069080000000,  -0.11200,
,,,0.069100000000,  -0.13600,
,,,0.069120000000,  -0.16000,
,,,0.069140000000,  -0.12000,
,,,0.069160000000,  -0.13600,
,,,0.069180000000,  -0.16000,
,,,0.069200000000,  -0.14400,
,,,0.069220000000,  -0.12800,
,,,0.069240000000,  -0.16800,
,,,0.069260000000,  -0.16800,
,,,0.069280000000,  -0.10400,
,,,0.069300000000,  -0.14400,
,,,0.069320000000,  -0.17600,
,,,0.069340000000,  -0.11200,
,,,0.069360000000,  -0.12800,
,,,0.069380000000,  -0.15200,
,,,0.069400000000,  -0.12800,
,,,0.069420000000,  -0.11200,
,,,0.069440000000,  -0.15200,
,,,0.069460000000,  -0.16800,
,,,0.069480000000,  -0.11200,
,,,0.069500000000,  -0.12800,
,,,0.069520000000,  -0.15200,
,,,0.069540000000,  -0.11200,
,,,0.069560000000,  -0.13600,
,,,0.069580000000,  -0.16800,
,,,0.069600000000,  -0.14400,
,,,0.069620000000,  -0.12800,
,,,0.069640000000,  -0.13600,
,,,0.069660000000,  -0.15200,
,,,0.069680000000,  -0.09600,
,,,0.069700000000,  -0.13600,
,,,0.069720000000,  -0.16000,
,,,0.069740000000,  -0.11200,
,,,0.069760000000,  -0.12800,
,,,0.069780000000,  -0.16000,
,,,0.069800000000,  -0.14400,
,,,0.069820000000,  -0.13600,
,,,0.069840000000,  -0.16000,
,,,0.069860000000,  -0.17600,
,,,0.069880000000,  -0.12000,
,,,0.069900000000,  -0.13600,
,,,0.069920000000,  -0.15200,
,,,0.069940000000,  -0.08800,
,,,0.069960000000,  -0.09600,
,,,0.069980000000,  -0.12000,
,,,0.070000000000,  -0.08800,
,,,0.070020000000,  -0.07200,
,,,0.070040000000,  -0.09600,
,,,0.070060000000,  -0.08800,
,,,0.070080000000,  -0.04800,
,,,0.070100000000,  -0.09600,
,,,0.070120000000,  -0.12000,
,,,0.070140000000,  -0.06400,
,,,0.070160000000,  -0.08800,
,,,0.070180000000,  -0.11200,
,,,0.070200000000,  -0.08000,
,,,0.070220000000,  -0.06400,
,,,0.070240000000,  -0.09600,
,,,0.070260000000,  -0.10400,
,,,0.070280000000,  -0.04800,
,,,0.070300000000,  -0.08000,
,,,0.070320000000,  -0.08800,
,,,0.070340000000,  -0.04800,
,,,0.070360000000,  -0.08000,
,,,0.070380000000,  -0.09600,
,,,0.070400000000,  -0.07200,
,,,0.070420000000,  -0.07200,
,,,0.070440000000,  -0.11200,
,,,0.070460000000,  -0.11200,
,,,0.070480000000,  -0.06400,
,,,0.070500000000,  -0.09600,
,,,0.070520000000,  -0.12800,
,,,0.070540000000,  -0.06400,
,,,0.070560000000,  -0.09600,
,,,0.070580000000,  -0.12800,
,,,0.070600000000,  -0.08800,
,,,0.070620000000,  -0.07200,
,,,0.070640000000,  -0.11200,
,,,0.070660000000,  -0.09600,
,,,0.070680000000,  -0.04800,
,,,0.070700000000,  -0.08000,
,,,0.070720000000,  -0.11200,
,,,0.070740000000,  -0.07200,
,,,0.070760000000,  -0.09600,
,,,0.070780000000,  -0.12800,
,,,0.070800000000,  -0.09600,
,,,0.070820000000,  -0.08800,
,,,0.070840000000,  -0.12000,
,,,0.070860000000,  -0.12000,
,,,0.070880000000,  -0.08000,
,,,0.070900000000,  -0.12000,
,,,0.070920000000,  -0.13600,
,,,0.070940000000,  -0.09600,
,,,0.070960000000,  -0.12800,
,,,0.070980000000,  -0.16000,
,,,0.071000000000,  -0.13600,
,,,0.071020000000,  -0.12800,
,,,0.071040000000,  -0.14400,
,,,0.071060000000,  -0.13600,
,,,0.071080000000,  -0.09600,
,,,0.071100000000,  -0.12800,
,,,0.071120000000,  -0.18400,
,,,0.071140000000,  -0.10400,
,,,0.071160000000,  -0.10400,
,,,0.071180000000,  -0.12800,
,,,0.071200000000,  -0.12800,
,,,0.071220000000,  -0.08000,
,,,0.071240000000,  -0.11200,
,,,0.071260000000,  -0.09600,
,,,0.071280000000,  -0.06400,
,,,0.071300000000,  -0.11200,
,,,0.071320000000,  -0.11200,
,,,0.071340000000,  -0.07200,
,,,0.071360000000,  -0.10400,
,,,0.071380000000,  -0.12800,
,,,0.071400000000,  -0.10400,
,,,0.071420000000,  -0.08800,
,,,0.071440000000,  -0.12000,
,,,0.071460000000,  -0.11200,
,,,0.071480000000,  -0.07200,
,,,0.071500000000,  -0.08800,
,,,0.071520000000,  -0.08800,
,,,0.071540000000,  -0.04800,
,,,0.071560000000,  -0.08000,
,,,0.071580000000,  -0.11200,
,,,0.071600000000,  -0.08800,
,,,0.071620000000,  -0.08800,
,,,0.071640000000,  -0.11200,
,,,0.071660000000,  -0.08800,
,,,0.071680000000,  -0.04800,
,,,0.071700000000,  -0.06400,
,,,0.071720000000,  -0.07200,
,,,0.071740000000,  -0.03200,
,,,0.071760000000,  -0.06400,
,,,0.071780000000,  -0.08800,
,,,0.071800000000,  -0.04000,
,,,0.071820000000,  -0.04800,
,,,0.071840000000,  -0.08000,
,,,0.071860000000,  -0.06400,
,,,0.071880000000,  -0.03200,
,,,0.071900000000,  -0.06400,
,,,0.071920000000,  -0.07200,
,,,0.071940000000,  -0.01600,
,,,0.071960000000,  -0.04800,
,,,0.071980000000,  -0.06400,
,,,0.072000000000,  -0.03200,
,,,0.072020000000,  -0.04000,
,,,0.072040000000,  -0.07200,
,,,0.072060000000,  -0.07200,
,,,0.072080000000,  -0.04000,
,,,0.072100000000,  -0.06400,
,,,0.072120000000,  -0.07200,
,,,0.072140000000,  -0.03200,
,,,0.072160000000,  -0.05600,
,,,0.072180000000,  -0.06400,
,,,0.072200000000,  -0.04000,
,,,0.072220000000,  -0.03200,
,,,0.072240000000,  -0.05600,
,,,0.072260000000,  -0.04800,
,,,0.072280000000,  -0.01600,
,,,0.072300000000,  -0.01600,
,,,0.072320000000,  -0.01600,
,,,0.072340000000,   0.04000,
,,,0.072360000000,   0.02400,
,,,0.072380000000,  -0.00800,
,,,0.072400000000,   0.02400,
,,,0.072420000000,   0.02400,
,,,0.072440000000,  -0.00800,
,,,0.072460000000,   0.00000,
,,,0.072480000000,   0.04000,
,,,0.072500000000,   0.01600,
,,,0.072520000000,  -0.01600,
,,,0.072540000000,   0.04000,
,,,0.072560000000,   0.02400,
,,,0.072580000000,   0.00000,
,,,0.072600000000,   0.04800,
,,,0.072620000000,   0.02400,
,,,0.072640000000,   0.00000,
,,,0.072660000000,   0.00000,
,,,0.072680000000,   0.02400,
,,,0.072700000000,   0.00000,
,,,0.072720000000,  -0.02400,
,,,0.072740000000,   0.03200,
,,,0.072760000000,   0.01600,
,,,0.072780000000,   0.00000,
,,,0.072800000000,   0.04800,
,,,0.072820000000,   0.04000,
,,,0.072840000000,   0.00800,
,,,0.072860000000,   0.01600,
,,,0.072880000000,   0.04000,
,,,0.072900000000,   0.00800,
,,,0.072920000000,  -0.01600,
,,,0.072940000000,   0.04800,
,,,0.072960000000,   0.02400,
,,,0.072980000000,   0.00000,
,,,0.073000000000,   0.03200,
,,,0.073020000000,   0.01600,
,,,0.073040000000,  -0.00800,
,,,0.073060000000,   0.00000,
,,,0.073080000000,   0.04800,
,,,0.073100000000,   0.03200,
,,,0.073120000000,   0.00800,
,,,0.073140000000,   0.05600,
,,,0.073160000000,   0.03200,
,,,0.073180000000,   0.01600,
,,,0.073200000000,   0.08000,
,,,0.073220000000,   0.08000,
,,,0.073240000000,   0.06400,
,,,0.073260000000,   0.08000,
,,,0.073280000000,   0.09600,
,,,0.073300000000,   0.05600,
,,,0.073320000000,   0.04800,
,,,0.073340000000,   0.10400,
,,,0.073360000000,   0.08000,
,,,0.073380000000,   0.06400,
,,,0.073400000000,   0.08800,
,,,0.073420000000,   0.06400,
,,,0.073440000000,   0.04800,
,,,0.073460000000,   0.07200,
,,,0.073480000000,   0.09600,
,,,0.073500000000,   0.07200,
,,,0.073520000000,   0.05600,
,,,0.073540000000,   0.10400,
,,,0.073560000000,   0.08000,
,,,0.073580000000,   0.05600,
,,,0.073600000000,   0.10400,
,,,0.073620000000,   0.09600,
,,,0.073640000000,   0.08000,
,,,0.073660000000,   0.09600,
,,,0.073680000000,   0.11200,
,,,0.073700000000,   0.08000,
,,,0.073720000000,   0.06400,
,,,0.073740000000,   0.11200,
,,,0.073760000000,   0.07200,
,,,0.073780000000,   0.04800,
,,,0.073800000000,   0.08800,
,,,0.073820000000,   0.07200,
,,,0.073840000000,   0.04800,
,,,0.073860000000,   0.05600,
,,,0.073880000000,   0.09600,
,,,0.073900000000,   0.08800,
,,,0.073920000000,   0.08000,
,,,0.073940000000,   0.14400,
,,,0.073960000000,   0.10400,
,,,0.073980000000,   0.08000,
,,,0.074000000000,   0.11200,
,,,0.074020000000,   0.08000,
,,,0.074040000000,   0.04800,
,,,0.074060000000,   0.04800,
,,,0.074080000000,   0.06400,
,,,0.074100000000,   0.02400,
,,,0.074120000000,   0.00000,
,,,0.074140000000,   0.04800,
,,,0.074160000000,   0.02400,
,,,0.074180000000,   0.00800,
,,,0.074200000000,   0.04000,
,,,0.074220000000,  -0.00800,
,,,0.074240000000,  -0.05600,
,,,0.074260000000,  -0.08000,
,,,0.074280000000,  -0.10400,
,,,0.074300000000,  -0.16800,
,,,0.074320000000,  -0.22400,
,,,0.074340000000,  -0.21600,
,,,0.074360000000,  -0.28800,
,,,0.074380000000,  -0.33600,
,,,0.074400000000,  -0.29600,
,,,0.074420000000,  -0.29600,
,,,0.074440000000,  -0.31200,
,,,0.074460000000,  -0.28000,
,,,0.074480000000,  -0.23200,
,,,0.074500000000,  -0.20000,
,,,0.074520000000,  -0.17600,
,,,0.074540000000,  -0.08800,
,,,0.074560000000,  -0.08800,
,,,0.074580000000,  -0.08000,
,,,0.074600000000,  -0.01600,
,,,0.074620000000,  -0.01600,
,,,0.074640000000,  -0.01600,
,,,0.074660000000,   0.03200,
,,,0.074680000000,   0.07200,
,,,0.074700000000,   0.08000,
,,,0.074720000000,   0.08000,
,,,0.074740000000,   0.13600,
,,,0.074760000000,   0.10400,
,,,0.074780000000,   0.09600,
,,,0.074800000000,   0.15200,
,,,0.074820000000,   0.13600,
,,,0.074840000000,   0.11200,
,,,0.074860000000,   0.13600,
,,,0.074880000000,   0.16000,
,,,0.074900000000,   0.14400,
,,,0.074920000000,   0.15200,
,,,0.074940000000,   0.21600,
,,,0.074960000000,   0.18400,
,,,0.074980000000,   0.17600,
,,,0.075000000000,   0.24000,
,,,0.075020000000,   0.23200,
,,,0.075040000000,   0.21600,
,,,0.075060000000,   0.24000,
,,,0.075080000000,   0.24800,
,,,0.075100000000,   0.22400,
,,,0.075120000000,   0.21600,
,,,0.075140000000,   0.26400,
,,,0.075160000000,   0.24000,
,,,0.075180000000,   0.21600,
,,,0.075200000000,   0.26400,
,,,0.075220000000,   0.24800,
,,,0.075240000000,   0.23200,
,,,0.075260000000,   0.26400,
,,,0.075280000000,   0.28800,
,,,0.075300000000,   0.25600,
,,,0.075320000000,   0.23200,
,,,0.075340000000,   0.28800,
,,,0.075360000000,   0.27200,
,,,0.075380000000,   0.26400,
,,,0.075400000000,   0.30400,
,,,0.075420000000,   0.28000,
,,,0.075440000000,   0.24800,
,,,0.075460000000,   0.27200,
,,,0.075480000000,   0.26400,
,,,0.075500000000,   0.21600,
,,,0.075520000000,   0.19200,
,,,0.075540000000,   0.23200,
,,,0.075560000000,   0.18400,
,,,0.075580000000,   0.15200,
,,,0.075600000000,   0.20800,
,,,0.075620000000,   0.18400,
,,,0.075640000000,   0.14400,
,,,0.075660000000,   0.15200,
,,,0.075680000000,   0.16000,
,,,0.075700000000,   0.11200,
,,,0.075720000000,   0.08800,
,,,0.075740000000,   0.12000,
,,,0.075760000000,   0.07200,
,,,0.075780000000,   0.02400,
,,,0.075800000000,   0.04800,
,,,0.075820000000,   0.00800,
,,,0.075840000000,  -0.05600,
,,,0.075860000000,  -0.07200,
,,,0.075880000000,  -0.10400,
,,,0.075900000000,  -0.15200,
,,,0.075920000000,  -0.20000,
,,,0.075940000000,  -0.16000,
,,,0.075960000000,  -0.20000,
,,,0.075980000000,  -0.24800,
,,,0.076000000000,  -0.20000,
,,,0.076020000000,  -0.20000,
,,,0.076040000000,  -0.20800,
,,,0.076060000000,  -0.15200,
,,,0.076080000000,  -0.10400,
,,,0.076100000000,  -0.09600,
,,,0.076120000000,  -0.07200,
,,,0.076140000000,   0.00000,
,,,0.076160000000,  -0.00800,
,,,0.076180000000,  -0.01600,
,,,0.076200000000,   0.04800,
,,,0.076220000000,   0.05600,
,,,0.076240000000,   0.05600,
,,,0.076260000000,   0.09600,
,,,0.076280000000,   0.12000,
,,,0.076300000000,   0.09600,
,,,0.076320000000,   0.09600,
,,,0.076340000000,   0.14400,
,,,0.076360000000,   0.12800,
,,,0.076380000000,   0.12000,
,,,0.076400000000,   0.18400,
,,,0.076420000000,   0.18400,
,,,0.076440000000,   0.16000,
,,,0.076460000000,   0.19200,
,,,0.076480000000,   0.20800,
,,,0.076500000000,   0.18400,
,,,0.076520000000,   0.16800,
,,,0.076540000000,   0.21600,
,,,0.076560000000,   0.18400,
,,,0.076580000000,   0.15200,
,,,0.076600000000,   0.19200,
,,,0.076620000000,   0.18400,
,,,0.076640000000,   0.16000,
,,,0.076660000000,   0.19200,
,,,0.076680000000,   0.20800,
,,,0.076700000000,   0.16800,
,,,0.076720000000,   0.16800,
,,,0.076740000000,   0.22400,
,,,0.076760000000,   0.20000,
,,,0.076780000000,   0.17600,
,,,0.076800000000,   0.22400,
,,,0.076820000000,   0.20000,
,,,0.076840000000,   0.18400,
,,,0.076860000000,   0.21600,
,,,0.076880000000,   0.22400,
,,,0.076900000000,   0.20800,
,,,0.076920000000,   0.20800,
,,,0.076940000000,   0.24800,
,,,0.076960000000,   0.23200,
,,,0.076980000000,   0.20800,
,,,0.077000000000,   0.25600,
,,,0.077020000000,   0.23200,
,,,0.077040000000,   0.20000,
,,,0.077060000000,   0.22400,
,,,0.077080000000,   0.23200,
,,,0.077100000000,   0.17600,
,,,0.077120000000,   0.17600,
,,,0.077140000000,   0.22400,
,,,0.077160000000,   0.19200,
,,,0.077180000000,   0.17600,
,,,0.077200000000,   0.23200,
,,,0.077220000000,   0.21600,
,,,0.077240000000,   0.18400,
,,,0.077260000000,   0.15200,
,,,0.077280000000,   0.23200,
,,,0.077300000000,   0.21600,
,,,0.077320000000,   0.20000,
,,,0.077340000000,   0.23200,
,,,0.077360000000,   0.21600,
,,,0.077380000000,   0.20800,
,,,0.077400000000,   0.24800,
,,,0.077420000000,   0.23200,
,,,0.077440000000,   0.20800,
,,,0.077460000000,   0.23200,
,,,0.077480000000,   0.25600,
,,,0.077500000000,   0.23200,
,,,0.077520000000,   0.21600,
,,,0.077540000000,   0.24000,
,,,0.077560000000,   0.20800,
,,,0.077580000000,   0.20000,
,,,0.077600000000,   0.23200,
,,,0.077620000000,   0.21600,
,,,0.077640000000,   0.18400,
,,,0.077660000000,   0.21600,
,,,0.077680000000,   0.22400,
,,,0.077700000000,   0.20000,
,,,0.077720000000,   0.20000,
,,,0.077740000000,   0.22400,
,,,0.077760000000,   0.20000,
,,,0.077780000000,   0.18400,
,,,0.077800000000,   0.24000,
,,,0.077820000000,   0.22400,
,,,0.077840000000,   0.20000,
,,,0.077860000000,   0.24800,
,,,0.077880000000,   0.25600,
,,,0.077900000000,   0.21600,
,,,0.077920000000,   0.20800,
,,,0.077940000000,   0.24800,
,,,0.077960000000,   0.21600,
,,,0.077980000000,   0.19200,
,,,0.078000000000,   0.24000,
,,,0.078020000000,   0.20800,
,,,0.078040000000,   0.17600,
,,,0.078060000000,   0.21600,
,,,0.078080000000,   0.20000,
,,,0.078100000000,   0.17600,
,,,0.078120000000,   0.19200,
,,,0.078140000000,   0.23200,
,,,0.078160000000,   0.21600,
,,,0.078180000000,   0.20800,
,,,0.078200000000,   0.26400,
,,,0.078220000000,   0.24000,
,,,0.078240000000,   0.21600,
,,,0.078260000000,   0.25600,
,,,0.078280000000,   0.25600,
,,,0.078300000000,   0.22400,
,,,0.078320000000,   0.23200,
,,,0.078340000000,   0.27200,
,,,0.078360000000,   0.24000,
,,,0.078380000000,   0.21600,
,,,0.078400000000,   0.26400,
,,,0.078420000000,   0.24800,
,,,0.078440000000,   0.22400,
,,,0.078460000000,   0.27200,
,,,0.078480000000,   0.27200,
,,,0.078500000000,   0.25600,
,,,0.078520000000,   0.26400,
,,,0.078540000000,   0.29600,
,,,0.078560000000,   0.25600,
,,,0.078580000000,   0.23200,
,,,0.078600000000,   0.28800,
,,,0.078620000000,   0.25600,
,,,0.078640000000,   0.23200,
,,,0.078660000000,   0.26400,
,,,0.078680000000,   0.25600,
,,,0.078700000000,   0.22400,
,,,0.078720000000,   0.22400,
,,,0.078740000000,   0.24800,
,,,0.078760000000,   0.21600,
,,,0.078780000000,   0.20800,
,,,0.078800000000,   0.27200,
,,,0.078820000000,   0.24800,
,,,0.078840000000,   0.23200,
,,,0.078860000000,   0.28000,
,,,0.078880000000,   0.24800,
,,,0.078900000000,   0.21600,
,,,0.078920000000,   0.20800,
,,,0.078940000000,   0.21600,
,,,0.078960000000,   0.18400,
,,,0.078980000000,   0.16000,
,,,0.079000000000,   0.20800,
,,,0.079020000000,   0.18400,
,,,0.079040000000,   0.17600,
,,,0.079060000000,   0.22400,
,,,0.079080000000,   0.20800,
,,,0.079100000000,   0.19200,
,,,0.079120000000,   0.20800,
,,,0.079140000000,   0.24800,
,,,0.079160000000,   0.21600,
,,,0.079180000000,   0.19200,
,,,0.079200000000,   0.24000,
,,,0.079220000000,   0.20000,
,,,0.079240000000,   0.16800,
,,,0.079260000000,   0.20800,
,,,0.079280000000,   0.20000,
,,,0.079300000000,   0.18400,
,,,0.079320000000,   0.18400,
,,,0.079340000000,   0.20800,
,,,0.079360000000,   0.16000,
,,,0.079380000000,   0.11200,
,,,0.079400000000,   0.16800,
,,,0.079420000000,   0.13600,
,,,0.079440000000,   0.10400,
,,,0.079460000000,   0.15200,
,,,0.079480000000,   0.14400,
,,,0.079500000000,   0.11200,
,,,0.079520000000,   0.12000,
,,,0.079540000000,   0.16000,
,,,0.079560000000,   0.12800,
,,,0.079580000000,   0.09600,
,,,0.079600000000,   0.15200,
,,,0.079620000000,   0.12800,
,,,0.079640000000,   0.12800,
,,,0.079660000000,   0.16000,
,,,0.079680000000,   0.13600,
,,,0.079700000000,   0.09600,
,,,0.079720000000,   0.08800,
,,,0.079740000000,   0.12000,
,,,0.079760000000,   0.09600,
,,,0.079780000000,   0.07200,
,,,0.079800000000,   0.12000,
,,,0.079820000000,   0.09600,
,,,0.079840000000,   0.07200,
,,,0.079860000000,   0.12000,
,,,0.079880000000,   0.12000,
,,,0.079900000000,   0.09600,
,,,0.079920000000,   0.11200,
,,,0.079940000000,   0.13600,
,,,0.079960000000,   0.09600,
,,,0.079980000000,   0.06400,
,,,0.080000000000,   0.12000,
,,,0.080020000000,   0.08800,
,,,0.080040000000,   0.06400,
,,,0.080060000000,   0.11200,
,,,0.080080000000,   0.09600,
,,,0.080100000000,   0.07200,
,,,0.080120000000,   0.08800,
,,,0.080140000000,   0.11200,
,,,0.080160000000,   0.08000,
,,,0.080180000000,   0.05600,
,,,0.080200000000,   0.10400,
,,,0.080220000000,   0.08000,
,,,0.080240000000,   0.07200,
,,,0.080260000000,   0.11200,
,,,0.080280000000,   0.09600,
,,,0.080300000000,   0.05600,
,,,0.080320000000,   0.05600,
,,,0.080340000000,   0.07200,
,,,0.080360000000,   0.04000,
,,,0.080380000000,   0.00800,
,,,0.080400000000,   0.06400,
,,,0.080420000000,   0.04000,
,,,0.080440000000,   0.02400,
,,,0.080460000000,   0.05600,
,,,0.080480000000,   0.04000,
,,,0.080500000000,   0.00800,
,,,0.080520000000,   0.01600,
,,,0.080540000000,   0.03200,
,,,0.080560000000,   0.00000,
,,,0.080580000000,  -0.01600,
,,,0.080600000000,   0.04800,
,,,0.080620000000,   0.02400,
,,,0.080640000000,   0.01600,
,,,0.080660000000,   0.06400,
,,,0.080680000000,   0.03200,
,,,0.080700000000,   0.00800,
,,,0.080720000000,   0.02400,
,,,0.080740000000,   0.04000,
,,,0.080760000000,   0.00000,
,,,0.080780000000,  -0.00800,
,,,0.080800000000,   0.04800,
,,,0.080820000000,   0.01600,
,,,0.080840000000,  -0.00800,
,,,0.080860000000,   0.04000,
,,,0.080880000000,   0.01600,
,,,0.080900000000,  -0.01600,
,,,0.080920000000,   0.01600,
,,,0.080940000000,   0.04000,
,,,0.080960000000,   0.00000,
,,,0.080980000000,   0.00000,
,,,0.081000000000,   0.04800,
,,,0.081020000000,   0.01600,
,,,0.081040000000,   0.00000,
,,,0.081060000000,   0.04000,
,,,0.081080000000,   0.01600,
,,,0.081100000000,   0.00800,
,,,0.081120000000,   0.04000,
,,,0.081140000000,   0.05600,
,,,0.081160000000,   0.03200,
,,,0.081180000000,   0.02400,
,,,0.081200000000,   0.05600,
,,,0.081220000000,   0.01600,
,,,0.081240000000,  -0.00800,
,,,0.081260000000,   0.03200,
,,,0.081280000000,   0.01600,
,,,0.081300000000,  -0.01600,
,,,0.081320000000,  -0.01600,
,,,0.081340000000,   0.00800,
,,,0.081360000000,  -0.02400,
,,,0.081380000000,  -0.04000,
,,,0.081400000000,   0.01600,
,,,0.081420000000,  -0.01600,
,,,0.081440000000,  -0.03200,
,,,0.081460000000,   0.00800,
,,,0.081480000000,   0.00000,
,,,0.081500000000,  -0.04000,
,,,0.081520000000,  -0.04000,
,,,0.081540000000,  -0.04000,
,,,0.081560000000,  -0.07200,
,,,0.081580000000,  -0.08000,
,,,0.081600000000,  -0.02400,
,,,0.081620000000,  -0.04000,
,,,0.081640000000,  -0.05600,
,,,0.081660000000,  -0.00800,
,,,0.081680000000,  -0.04000,
,,,0.081700000000,  -0.05600,
,,,0.081720000000,  -0.03200,
,,,0.081740000000,  -0.02400,
,,,0.081760000000,  -0.04800,
,,,0.081780000000,  -0.05600,
,,,0.081800000000,  -0.01600,
,,,0.081820000000,  -0.03200,
,,,0.081840000000,  -0.04800,
,,,0.081860000000,   0.00000,
,,,0.081880000000,  -0.02400,
,,,0.081900000000,  -0.05600,
,,,0.081920000000,  -0.03200,
,,,0.081940000000,  -0.01600,
,,,0.081960000000,  -0.05600,
,,,0.081980000000,  -0.05600,
,,,0.082000000000,  -0.02400,
,,,0.082020000000,  -0.06400,
,,,0.082040000000,  -0.08800,
,,,0.082060000000,  -0.04800,
,,,0.082080000000,  -0.07200,
,,,0.082100000000,  -0.11200,
,,,0.082120000000,  -0.08000,
,,,0.082140000000,  -0.08800,
,,,0.082160000000,  -0.13600,
,,,0.082180000000,  -0.13600,
,,,0.082200000000,  -0.08800,
,,,0.082220000000,  -0.11200,
,,,0.082240000000,  -0.12800,
,,,0.082260000000,  -0.08800,
,,,0.082280000000,  -0.12800,
,,,0.082300000000,  -0.16000,
,,,0.082320000000,  -0.13600,
,,,0.082340000000,  -0.13600,
,,,0.082360000000,  -0.17600,
,,,0.082380000000,  -0.19200,
,,,0.082400000000,  -0.13600,
,,,0.082420000000,  -0.16800,
,,,0.082440000000,  -0.20000,
,,,0.082460000000,  -0.18400,
,,,0.082480000000,  -0.21600,
,,,0.082500000000,  -0.27200,
,,,0.082520000000,  -0.27200,
,,,0.082540000000,  -0.29600,
,,,0.082560000000,  -0.34400,
,,,0.082580000000,  -0.38400,
,,,0.082600000000,  -0.39200,
,,,0.082620000000,  -0.46400,
,,,0.082640000000,  -0.53600,
,,,0.082660000000,  -0.50400,
,,,0.082680000000,  -0.55200,
,,,0.082700000000,  -0.56800,
,,,0.082720000000,  -0.54400,
,,,0.082740000000,  -0.51200,
,,,0.082760000000,  -0.52000,
,,,0.082780000000,  -0.48800,
,,,0.082800000000,  -0.41600,
,,,0.082820000000,  -0.41600,
,,,0.082840000000,  -0.39200,
,,,0.082860000000,  -0.30400,
,,,0.082880000000,  -0.30400,
,,,0.082900000000,  -0.31200,
,,,0.082920000000,  -0.26400,
,,,0.082940000000,  -0.24800,
,,,0.082960000000,  -0.24800,
,,,0.082980000000,  -0.22400,
,,,0.083000000000,  -0.17600,
,,,0.083020000000,  -0.20000,
,,,0.083040000000,  -0.20800,
,,,0.083060000000,  -0.14400,
,,,0.083080000000,  -0.17600,
,,,0.083100000000,  -0.20000,
,,,0.083120000000,  -0.16000,
,,,0.083140000000,  -0.14400,
,,,0.083160000000,  -0.17600,
,,,0.083180000000,  -0.16800,
,,,0.083200000000,  -0.12800,
,,,0.083220000000,  -0.15200,
,,,0.083240000000,  -0.16800,
,,,0.083260000000,  -0.11200,
,,,0.083280000000,  -0.12000,
,,,0.083300000000,  -0.13600,
,,,0.083320000000,  -0.12800,
,,,0.083340000000,  -0.11200,
,,,0.083360000000,  -0.15200,
,,,0.083380000000,  -0.16000,
,,,0.083400000000,  -0.12000,
,,,0.083420000000,  -0.14400,
,,,0.083440000000,  -0.15200,
,,,0.083460000000,  -0.11200,
,,,0.083480000000,  -0.13600,
,,,0.083500000000,  -0.15200,
,,,0.083520000000,  -0.14400,
,,,0.083540000000,  -0.12800,
,,,0.083560000000,  -0.15200,
,,,0.083580000000,  -0.15200,
,,,0.083600000000,  -0.12800,
,,,0.083620000000,  -0.16000,
,,,0.083640000000,  -0.16000,
,,,0.083660000000,  -0.13600,
,,,0.083680000000,  -0.16000,
,,,0.083700000000,  -0.20000,
,,,0.083720000000,  -0.17600,
,,,0.083740000000,  -0.18400,
,,,0.083760000000,  -0.20800,
,,,0.083780000000,  -0.20000,
,,,0.083800000000,  -0.17600,
,,,0.083820000000,  -0.20800,
,,,0.083840000000,  -0.22400,
,,,0.083860000000,  -0.17600,
,,,0.083880000000,  -0.20000,
,,,0.083900000000,  -0.24000,
,,,0.083920000000,  -0.21600,
,,,0.083940000000,  -0.20800,
,,,0.083960000000,  -0.24000,
,,,0.083980000000,  -0.24800,
,,,0.084000000000,  -0.23200,
,,,0.084020000000,  -0.28000,
,,,0.084040000000,  -0.32000,
,,,0.084060000000,  -0.29600,
,,,0.084080000000,  -0.34400,
,,,0.084100000000,  -0.39200,
,,,0.084120000000,  -0.37600,
,,,0.084140000000,  -0.41600,
,,,0.084160000000,  -0.48800,
,,,0.084180000000,  -0.52000,
,,,0.084200000000,  -0.52000,
,,,0.084220000000,  -0.58400,
,,,0.084240000000,  -0.64000,
,,,0.084260000000,  -0.59200,
,,,0.084280000000,  -0.60800,
,,,0.084300000000,  -0.61600,
,,,0.084320000000,  -0.55200,
,,,0.084340000000,  -0.53600,
,,,0.084360000000,  -0.52800,
,,,0.084380000000,  -0.50400,
,,,0.084400000000,  -0.44800,
,,,0.084420000000,  -0.44800,
,,,0.084440000000,  -0.44000,
,,,0.084460000000,  -0.35200,
,,,0.084480000000,  -0.36000,
,,,0.084500000000,  -0.35200,
,,,0.084520000000,  -0.29600,
,,,0.084540000000,  -0.28800,
,,,0.084560000000,  -0.29600,
,,,0.084580000000,  -0.28000,
,,,0.084600000000,  -0.23200,
,,,0.084620000000,  -0.24800,
,,,0.084640000000,  -0.25600,
,,,0.084660000000,  -0.19200,
,,,0.084680000000,  -0.20800,
,,,0.084700000000,  -0.23200,
,,,0.084720000000,  -0.19200,
,,,0.084740000000,  -0.19200,
,,,0.084760000000,  -0.20800,
,,,0.084780000000,  -0.20800,
,,,0.084800000000,  -0.17600,
,,,0.084820000000,  -0.20000,
,,,0.084840000000,  -0.22400,
,,,0.084860000000,  -0.17600,
,,,0.084880000000,  -0.20000,
,,,0.084900000000,  -0.21600,
,,,0.084920000000,  -0.17600,
,,,0.084940000000,  -0.19200,
,,,0.084960000000,  -0.20800,
,,,0.084980000000,  -0.19200,
,,,0.085000000000,  -0.15200,
,,,0.085020000000,  -0.18400,
,,,0.085040000000,  -0.20000,
,,,0.085060000000,  -0.13600,
,,,0.085080000000,  -0.16800,
,,,0.085100000000,  -0.19200,
,,,0.085120000000,  -0.13600,
,,,0.085140000000,  -0.14400,
,,,0.085160000000,  -0.17600,
,,,0.085180000000,  -0.17600,
,,,0.085200000000,  -0.15200,
,,,0.085220000000,  -0.18400,
,,,0.085240000000,  -0.20000,
,,,0.085260000000,  -0.13600,
,,,0.085280000000,  -0.16800,
,,,0.085300000000,  -0.19200,
,,,0.085320000000,  -0.15200,
,,,0.085340000000,  -0.16800,
,,,0.085360000000,  -0.18400,
,,,0.085380000000,  -0.16800,
,,,0.085400000000,  -0.13600,
,,,0.085420000000,  -0.16000,
,,,0.085440000000,  -0.17600,
,,,0.085460000000,  -0.11200,
,,,0.085480000000,  -0.14400,
,,,0.085500000000,  -0.18400,
,,,0.085520000000,  -0.14400,
,,,0.085540000000,  -0.16000,
,,,0.085560000000,  -0.19200,
,,,0.085580000000,  -0.17600,
,,,0.085600000000,  -0.14400,
,,,0.085620000000,  -0.17600,
,,,0.085640000000,  -0.20000,
,,,0.085660000000,  -0.14400,
,,,0.085680000000,  -0.16800,
,,,0.085700000000,  -0.19200,
,,,0.085720000000,  -0.15200,
,,,0.085740000000,  -0.16000,
,,,0.085760000000,  -0.19200,
,,,0.085780000000,  -0.19200,
,,,0.085800000000,  -0.16800,
,,,0.085820000000,  -0.19200,
,,,0.085840000000,  -0.20000,
,,,0.085860000000,  -0.13600,
,,,0.085880000000,  -0.17600,
,,,0.085900000000,  -0.20000,
,,,0.085920000000,  -0.16000,
,,,0.085940000000,  -0.16000,
,,,0.085960000000,  -0.18400,
,,,0.085980000000,  -0.17600,
,,,0.086000000000,  -0.14400,
,,,0.086020000000,  -0.16800,
,,,0.086040000000,  -0.19200,
,,,0.086060000000,  -0.13600,
,,,0.086080000000,  -0.16800,
,,,0.086100000000,  -0.19200,
,,,0.086120000000,  -0.15200,
,,,0.086140000000,  -0.16800,
,,,0.086160000000,  -0.18400,
,,,0.086180000000,  -0.16000,
,,,0.086200000000,  -0.13600,
,,,0.086220000000,  -0.18400,
,,,0.086240000000,  -0.20000,
,,,0.086260000000,  -0.13600,
,,,0.086280000000,  -0.17600,
,,,0.086300000000,  -0.20000,
,,,0.086320000000,  -0.15200,
,,,0.086340000000,  -0.16000,
,,,0.086360000000,  -0.16000,
,,,0.086380000000,  -0.13600,
,,,0.086400000000,  -0.12000,
,,,0.086420000000,  -0.14400,
,,,0.086440000000,  -0.16800,
,,,0.086460000000,  -0.12000,
,,,0.086480000000,  -0.15200,
,,,0.086500000000,  -0.16000,
,,,0.086520000000,  -0.11200,
,,,0.086540000000,  -0.13600,
,,,0.086560000000,  -0.16000,
,,,0.086580000000,  -0.13600,
,,,0.086600000000,  -0.12800,
,,,0.086620000000,  -0.15200,
,,,0.086640000000,  -0.16800,
,,,0.086660000000,  -0.11200,
,,,0.086680000000,  -0.14400,
,,,0.086700000000,  -0.16000,
,,,0.086720000000,  -0.10400,
,,,0.086740000000,  -0.12000,
,,,0.086760000000,  -0.13600,
,,,0.086780000000,  -0.12000,
,,,0.086800000000,  -0.08800,
,,,0.086820000000,  -0.12000,
,,,0.086840000000,  -0.12800,
,,,0.086860000000,  -0.06400,
,,,0.086880000000,  -0.09600,
,,,0.086900000000,  -0.11200,
,,,0.086920000000,  -0.05600,
,,,0.086940000000,  -0.06400,
,,,0.086960000000,  -0.09600,
,,,0.086980000000,  -0.07200,
,,,0.087000000000,  -0.07200,
,,,0.087020000000,  -0.11200,
,,,0.087040000000,  -0.11200,
,,,0.087060000000,  -0.05600,
,,,0.087080000000,  -0.08800,
,,,0.087100000000,  -0.12000,
,,,0.087120000000,  -0.07200,
,,,0.087140000000,  -0.10400,
,,,0.087160000000,  -0.12000,
,,,0.087180000000,  -0.11200,
,,,0.087200000000,  -0.08000,
,,,0.087220000000,  -0.11200,
,,,0.087240000000,  -0.13600,
,,,0.087260000000,  -0.08000,
,,,0.087280000000,  -0.10400,
,,,0.087300000000,  -0.13600,
,,,0.087320000000,  -0.08800,
,,,0.087340000000,  -0.08800,
,,,0.087360000000,  -0.12000,
,,,0.087380000000,  -0.10400,
,,,0.087400000000,  -0.08000,
,,,0.087420000000,  -0.11200,
,,,0.087440000000,  -0.13600,
,,,0.087460000000,  -0.09600,
,,,0.087480000000,  -0.15200,
,,,0.087500000000,  -0.16800,
,,,0.087520000000,  -0.11200,
,,,0.087540000000,  -0.13600,
,,,0.087560000000,  -0.15200,
,,,0.087580000000,  -0.12000,
,,,0.087600000000,  -0.09600,
,,,0.087620000000,  -0.12000,
,,,0.087640000000,  -0.12800,
,,,0.087660000000,  -0.08000,
,,,0.087680000000,  -0.12000,
,,,0.087700000000,  -0.12800,
,,,0.087720000000,  -0.09600,
,,,0.087740000000,  -0.12800,
,,,0.087760000000,  -0.15200,
,,,0.087780000000,  -0.12000,
,,,0.087800000000,  -0.10400,
,,,0.087820000000,  -0.13600,
,,,0.087840000000,  -0.14400,
,,,0.087860000000,  -0.09600,
,,,0.087880000000,  -0.11200,
,,,0.087900000000,  -0.12800,
,,,0.087920000000,  -0.08000,
,,,0.087940000000,  -0.08800,
,,,0.087960000000,  -0.11200,
,,,0.087980000000,  -0.08000,
,,,0.088000000000,  -0.07200,
,,,0.088020000000,  -0.11200,
,,,0.088040000000,  -0.11200,
,,,0.088060000000,  -0.05600,
,,,0.088080000000,  -0.08000,
,,,0.088100000000,  -0.12800,
,,,0.088120000000,  -0.08000,
,,,0.088140000000,  -0.08800,
,,,0.088160000000,  -0.11200,
,,,0.088180000000,  -0.06400,
,,,0.088200000000,  -0.04000,
,,,0.088220000000,  -0.07200,
,,,0.088240000000,  -0.08000,
,,,0.088260000000,  -0.04000,
,,,0.088280000000,  -0.05600,
,,,0.088300000000,  -0.06400,
,,,0.088320000000,  -0.01600,
,,,0.088340000000,  -0.02400,
,,,0.088360000000,  -0.04800,
,,,0.088380000000,  -0.01600,
,,,0.088400000000,  -0.01600,
,,,0.088420000000,  -0.05600,
,,,0.088440000000,  -0.05600,
,,,0.088460000000,  -0.01600,
,,,0.088480000000,  -0.04800,
,,,0.088500000000,  -0.06400,
,,,0.088520000000,   0.00000,
,,,0.088540000000,  -0.01600,
,,,0.088560000000,  -0.04800,
,,,0.088580000000,  -0.02400,
,,,0.088600000000,  -0.01600,
,,,0.088620000000,  -0.05600,
,,,0.088640000000,  -0.05600,
,,,0.088660000000,   0.00000,
,,,0.088680000000,  -0.02400,
,,,0.088700000000,  -0.04000,
,,,0.088720000000,   0.01600,
,,,0.088740000000,  -0.00800,
,,,0.088760000000,  -0.03200,
,,,0.088780000000,  -0.00800,
,,,0.088800000000,  -0.01600,
,,,0.088820000000,  -0.04800,
,,,0.088840000000,  -0.04800,
,,,0.088860000000,   0.00000,
,,,0.088880000000,  -0.04000,
,,,0.088900000000,  -0.04800,
,,,0.088920000000,   0.00800,
,,,0.088940000000,  -0.01600,
,,,0.088960000000,  -0.03200,
,,,0.088980000000,   0.01600,
,,,0.089000000000,   0.02400,
,,,0.089020000000,   0.00000,
,,,0.089040000000,  -0.01600,
,,,0.089060000000,   0.02400,
,,,0.089080000000,  -0.01600,
,,,0.089100000000,  -0.03200,
,,,0.089120000000,   0.01600,
,,,0.089140000000,  -0.00800,
,,,0.089160000000,  -0.02400,
,,,0.089180000000,   0.01600,
,,,0.089200000000,   0.02400,
,,,0.089220000000,  -0.00800,
,,,0.089240000000,   0.00000,
,,,0.089260000000,   0.05600,
,,,0.089280000000,   0.02400,
,,,0.089300000000,   0.00000,
,,,0.089320000000,   0.04800,
,,,0.089340000000,   0.01600,
,,,0.089360000000,  -0.00800,
,,,0.089380000000,   0.03200,
,,,0.089400000000,   0.04800,
,,,0.089420000000,   0.02400,
,,,0.089440000000,   0.03200,
,,,0.089460000000,   0.07200,
,,,0.089480000000,   0.02400,
,,,0.089500000000,   0.00800,
,,,0.089520000000,   0.06400,
,,,0.089540000000,   0.03200,
,,,0.089560000000,   0.00800,
,,,0.089580000000,   0.02400,
,,,0.089600000000,   0.04800,
,,,0.089620000000,   0.01600,
,,,0.089640000000,   0.01600,
,,,0.089660000000,   0.04800,
,,,0.089680000000,   0.01600,
,,,0.089700000000,   0.02400,
,,,0.089720000000,   0.07200,
,,,0.089740000000,   0.06400,
,,,0.089760000000,   0.04800,
,,,0.089780000000,   0.07200,
,,,0.089800000000,   0.08000,
,,,0.089820000000,   0.05600,
,,,0.089840000000,   0.05600,
,,,0.089860000000,   0.09600,
,,,0.089880000000,   0.07200,
,,,0.089900000000,   0.04800,
,,,0.089920000000,   0.09600,
,,,0.089940000000,   0.08000,
,,,0.089960000000,   0.06400,
,,,0.089980000000,   0.09600,
,,,0.090000000000,   0.11200,
,,,0.090020000000,   0.08000,
,,,0.090040000000,   0.08800,
,,,0.090060000000,   0.12800,
,,,0.090080000000,   0.09600,
,,,0.090100000000,   0.08000,
,,,0.090120000000,   0.13600,
,,,0.090140000000,   0.11200,
,,,0.090160000000,   0.08000,
,,,0.090180000000,   0.09600,
,,,0.090200000000,   0.08000,
,,,0.090220000000,   0.04800,
,,,0.090240000000,   0.07200,
,,,0.090260000000,   0.10400,
,,,0.090280000000,   0.08000,
,,,0.090300000000,   0.06400,
,,,0.090320000000,   0.11200,
,,,0.090340000000,   0.08800,
,,,0.090360000000,   0.07200,
,,,0.090380000000,   0.12000,
,,,0.090400000000,   0.11200,
,,,0.090420000000,   0.08800,
,,,0.090440000000,   0.08000,
,,,0.090460000000,   0.11200,
,,,0.090480000000,   0.08800,
,,,0.090500000000,   0.08000,
,,,0.090520000000,   0.12000,
,,,0.090540000000,   0.08800,
,,,0.090560000000,   0.06400,
,,,0.090580000000,   0.11200,
,,,0.090600000000,   0.08800,
,,,0.090620000000,   0.05600,
,,,0.090640000000,   0.05600,
,,,0.090660000000,   0.09600,
,,,0.090680000000,   0.08000,
,,,0.090700000000,   0.05600,
,,,0.090720000000,   0.11200,
,,,0.090740000000,   0.07200,
,,,0.090760000000,   0.04000,
,,,0.090780000000,   0.07200,
,,,0.090800000000,   0.04800,
,,,0.090820000000,   0.00800,
,,,0.090840000000,   0.00000,
,,,0.090860000000,   0.02400,
,,,0.090880000000,  -0.00800,
,,,0.090900000000,  -0.05600,
,,,0.090920000000,  -0.02400,
,,,0.090940000000,  -0.08000,
,,,0.090960000000,  -0.13600,
,,,0.090980000000,  -0.13600,
,,,0.091000000000,  -0.18400,
,,,0.091020000000,  -0.24800,
,,,0.091040000000,  -0.26400,
,,,0.091060000000,  -0.26400,
,,,0.091080000000,  -0.30400,
,,,0.091100000000,  -0.32800,
,,,0.091120000000,  -0.24800,
,,,0.091140000000,  -0.24000,
,,,0.091160000000,  -0.23200,
,,,0.091180000000,  -0.16000,
,,,0.091200000000,  -0.12000,
,,,0.091220000000,  -0.08800,
,,,0.091240000000,  -0.06400,
,,,0.091260000000,  -0.01600,
,,,0.091280000000,  -0.01600,
,,,0.091300000000,  -0.00800,
,,,0.091320000000,   0.06400,
,,,0.091340000000,   0.05600,
,,,0.091360000000,   0.06400,
,,,0.091380000000,   0.11200,
,,,0.091400000000,   0.12000,
,,,0.091420000000,   0.10400,
,,,0.091440000000,   0.12000,
,,,0.091460000000,   0.15200,
,,,0.091480000000,   0.13600,
,,,0.091500000000,   0.12800,
,,,0.091520000000,   0.20000,
,,,0.091540000000,   0.17600,
,,,0.091560000000,   0.16000,
,,,0.091580000000,   0.20800,
,,,0.091600000000,   0.20000,
,,,0.091620000000,   0.19200,
,,,0.091640000000,   0.20000,
,,,0.091660000000,   0.21600,
,,,0.091680000000,   0.18400,
,,,0.091700000000,   0.18400,
,,,0.091720000000,   0.24800,
,,,0.091740000000,   0.23200,
,,,0.091760000000,   0.23200,
,,,0.091780000000,   0.28000,
,,,0.091800000000,   0.27200,
,,,0.091820000000,   0.25600,
,,,0.091840000000,   0.27200,
,,,0.091860000000,   0.29600,
,,,0.091880000000,   0.27200,
,,,0.091900000000,   0.25600,
,,,0.091920000000,   0.30400,
,,,0.091940000000,   0.28800,
,,,0.091960000000,   0.27200,
,,,0.091980000000,   0.32000,
,,,0.092000000000,   0.31200,
,,,0.092020000000,   0.28800,
,,,0.092040000000,   0.29600,
,,,0.092060000000,   0.32800,
,,,0.092080000000,   0.28800,
,,,0.092100000000,   0.26400,
,,,0.092120000000,   0.30400,
,,,0.092140000000,   0.27200,
,,,0.092160000000,   0.24800,
,,,0.092180000000,   0.28800,
,,,0.092200000000,   0.28000,
,,,0.092220000000,   0.24800,
,,,0.092240000000,   0.25600,
,,,0.092260000000,   0.28000,
,,,0.092280000000,   0.23200,
,,,0.092300000000,   0.20800,
,,,0.092320000000,   0.24000,
,,,0.092340000000,   0.18400,
,,,0.092360000000,   0.14400,
,,,0.092380000000,   0.15200,
,,,0.092400000000,   0.13600,
,,,0.092420000000,   0.10400,
,,,0.092440000000,   0.10400,
,,,0.092460000000,   0.11200,
,,,0.092480000000,   0.07200,
,,,0.092500000000,   0.02400,
,,,0.092520000000,   0.02400,
,,,0.092540000000,  -0.04000,
,,,0.092560000000,  -0.09600,
,,,0.092580000000,  -0.09600,
,,,0.092600000000,  -0.13600,
,,,0.092620000000,  -0.17600,
,,,0.092640000000,  -0.17600,
,,,0.092660000000,  -0.15200,
,,,0.092680000000,  -0.17600,
,,,0.092700000000,  -0.16800,
,,,0.092720000000,  -0.08800,
,,,0.092740000000,  -0.08000,
,,,0.092760000000,  -0.07200,
,,,0.092780000000,   0.00000,
,,,0.092800000000,   0.03200,
,,,0.092820000000,   0.03200,
,,,0.092840000000,   0.07200,
,,,0.092860000000,   0.11200,
,,,0.092880000000,   0.09600,
,,,0.092900000000,   0.09600,
,,,0.092920000000,   0.16000,
,,,0.092940000000,   0.14400,
,,,0.092960000000,   0.15200,
,,,0.092980000000,   0.20800,
,,,0.093000000000,   0.19200,
,,,0.093020000000,   0.17600,
,,,0.093040000000,   0.20800,
,,,0.093060000000,   0.23200,
,,,0.093080000000,   0.21600,
,,,0.093100000000,   0.21600,
,,,0.093120000000,   0.26400,
,,,0.093140000000,   0.24000,
,,,0.093160000000,   0.21600,
,,,0.093180000000,   0.25600,
,,,0.093200000000,   0.24800,
,,,0.093220000000,   0.22400,
,,,0.093240000000,   0.23200,
,,,0.093260000000,   0.24000,
,,,0.093280000000,   0.20800,
,,,0.093300000000,   0.18400,
,,,0.093320000000,   0.24000,
,,,0.093340000000,   0.20800,
,,,0.093360000000,   0.20000,
,,,0.093380000000,   0.25600,
,,,0.093400000000,   0.24000,
,,,0.093420000000,   0.21600,
,,,0.093440000000,   0.23200,
,,,0.093460000000,   0.25600,
,,,0.093480000000,   0.22400,
,,,0.093500000000,   0.20800,
,,,0.093520000000,   0.26400,
,,,0.093540000000,   0.22400,
,,,0.093560000000,   0.20800,
,,,0.093580000000,   0.25600,
,,,0.093600000000,   0.23200,
,,,0.093620000000,   0.20000,
,,,0.093640000000,   0.23200,
,,,0.093660000000,   0.25600,
,,,0.093680000000,   0.22400,
,,,0.093700000000,   0.21600,
,,,0.093720000000,   0.26400,
,,,0.093740000000,   0.23200,
,,,0.093760000000,   0.21600,
,,,0.093780000000,   0.27200,
,,,0.093800000000,   0.24800,
,,,0.093820000000,   0.21600,
,,,0.093840000000,   0.24800,
,,,0.093860000000,   0.25600,
,,,0.093880000000,   0.23200,
,,,0.093900000000,   0.21600,
,,,0.093920000000,   0.26400,
,,,0.093940000000,   0.23200,
,,,0.093960000000,   0.21600,
,,,0.093980000000,   0.27200,
,,,0.094000000000,   0.25600,
,,,0.094020000000,   0.21600,
,,,0.094040000000,   0.23200,
,,,0.094060000000,   0.25600,
,,,0.094080000000,   0.22400,
,,,0.094100000000,   0.20000,
,,,0.094120000000,   0.24800,
,,,0.094140000000,   0.20800,
,,,0.094160000000,   0.20800,
,,,0.094180000000,   0.25600,
,,,0.094200000000,   0.24000,
,,,0.094220000000,   0.21600,
,,,0.094240000000,   0.24000,
,,,0.094260000000,   0.25600,
,,,0.094280000000,   0.22400,
,,,0.094300000000,   0.22400,
,,,0.094320000000,   0.28000,
,,,0.094340000000,   0.24000,
,,,0.094360000000,   0.22400,
,,,0.094380000000,   0.27200,
,,,0.094400000000,   0.24800,
,,,0.094420000000,   0.22400,
,,,0.094440000000,   0.25600,
,,,0.094460000000,   0.25600,
,,,0.094480000000,   0.22400,
,,,0.094500000000,   0.22400,
,,,0.094520000000,   0.27200,
,,,0.094540000000,   0.26400,
,,,0.094560000000,   0.23200,
,,,0.094580000000,   0.28000,
,,,0.094600000000,   0.25600,
,,,0.094620000000,   0.22400,
,,,0.094640000000,   0.24000,
,,,0.094660000000,   0.24000,
,,,0.094680000000,   0.20800,
,,,0.094700000000,   0.20800,
,,,0.094720000000,   0.25600,
,,,0.094740000000,   0.23200,
,,,0.094760000000,   0.20000,
,,,0.094780000000,   0.25600,
,,,0.094800000000,   0.24000,
,,,0.094820000000,   0.21600,
,,,0.094840000000,   0.25600,
,,,0.094860000000,   0.24000,
,,,0.094880000000,   0.20000,
,,,0.094900000000,   0.19200,
,,,0.094920000000,   0.23200,
,,,0.094940000000,   0.21600,
,,,0.094960000000,   0.21600,
,,,0.094980000000,   0.28000,
,,,0.095000000000,   0.25600,
,,,0.095020000000,   0.23200,
,,,0.095040000000,   0.26400,
,,,0.095060000000,   0.27200,
,,,0.095080000000,   0.24000,
,,,0.095100000000,   0.23200,
,,,0.095120000000,   0.27200,
,,,0.095140000000,   0.25600,
,,,0.095160000000,   0.23200,
,,,0.095180000000,   0.28000,
,,,0.095200000000,   0.24800,
,,,0.095220000000,   0.22400,
,,,0.095240000000,   0.26400,
,,,0.095260000000,   0.25600,
,,,0.095280000000,   0.22400,
,,,0.095300000000,   0.22400,
,,,0.095320000000,   0.26400,
,,,0.095340000000,   0.23200,
,,,0.095360000000,   0.20800,
,,,0.095380000000,   0.25600,
,,,0.095400000000,   0.22400,
,,,0.095420000000,   0.18400,
,,,0.095440000000,   0.23200,
,,,0.095460000000,   0.24000,
,,,0.095480000000,   0.20800,
,,,0.095500000000,   0.20000,
,,,0.095520000000,   0.24000,
,,,0.095540000000,   0.20800,
,,,0.095560000000,   0.20000,
,,,0.095580000000,   0.24800,
,,,0.095600000000,   0.22400,
,,,0.095620000000,   0.20000,
,,,0.095640000000,   0.22400,
,,,0.095660000000,   0.24800,
,,,0.095680000000,   0.21600,
,,,0.095700000000,   0.20800,
,,,0.095720000000,   0.23200,
,,,0.095740000000,   0.19200,
,,,0.095760000000,   0.18400,
,,,0.095780000000,   0.23200,
,,,0.095800000000,   0.20800,
,,,0.095820000000,   0.19200,
,,,0.095840000000,   0.21600,
,,,0.095860000000,   0.23200,
,,,0.095880000000,   0.20000,
,,,0.095900000000,   0.20000,
,,,0.095920000000,   0.21600,
,,,0.095940000000,   0.18400,
,,,0.095960000000,   0.15200,
,,,0.095980000000,   0.20000,
,,,0.096000000000,   0.17600,
,,,0.096020000000,   0.14400,
,,,0.096040000000,   0.16000,
,,,0.096060000000,   0.16800,
,,,0.096080000000,   0.12800,
,,,0.096100000000,   0.11200,
,,,0.096120000000,   0.13600,
,,,0.096140000000,   0.10400,
,,,0.096160000000,   0.10400,
,,,0.096180000000,   0.16800,
,,,0.096200000000,   0.14400,
,,,0.096220000000,   0.10400,
,,,0.096240000000,   0.14400,
,,,0.096260000000,   0.13600,
,,,0.096280000000,   0.10400,
,,,0.096300000000,   0.10400,
,,,0.096320000000,   0.12800,
,,,0.096340000000,   0.10400,
,,,0.096360000000,   0.11200,
,,,0.096380000000,   0.16800,
,,,0.096400000000,   0.13600,
,,,0.096420000000,   0.11200,
,,,0.096440000000,   0.14400,
,,,0.096460000000,   0.13600,
,,,0.096480000000,   0.09600,
,,,0.096500000000,   0.08800,
,,,0.096520000000,   0.12000,
,,,0.096540000000,   0.10400,
,,,0.096560000000,   0.08800,
,,,0.096580000000,   0.14400,
,,,0.096600000000,   0.12000,
,,,0.096620000000,   0.08800,
,,,0.096640000000,   0.11200,
,,,0.096660000000,   0.09600,
,,,0.096680000000,   0.07200,
,,,0.096700000000,   0.08800,
,,,0.096720000000,   0.12000,
,,,0.096740000000,   0.09600,
,,,0.096760000000,   0.07200,
,,,0.096780000000,   0.12000,
,,,0.096800000000,   0.09600,
,,,0.096820000000,   0.05600,
,,,0.096840000000,   0.08800,
,,,0.096860000000,   0.08800,
,,,0.096880000000,   0.06400,
,,,0.096900000000,   0.07200,
,,,0.096920000000,   0.10400,
,,,0.096940000000,   0.07200,
,,,0.096960000000,   0.04800,
,,,0.096980000000,   0.09600,
,,,0.097000000000,   0.06400,
,,,0.097020000000,   0.04000,
,,,0.097040000000,   0.08000,
,,,0.097060000000,   0.06400,
,,,0.097080000000,   0.04000,
,,,0.097100000000,   0.04800,
,,,0.097120000000,   0.08000,
,,,0.097140000000,   0.04800,
,,,0.097160000000,   0.03200,
,,,0.097180000000,   0.08000,
,,,0.097200000000,   0.04800,
,,,0.097220000000,   0.04000,
,,,0.097240000000,   0.08000,
,,,0.097260000000,   0.07200,
,,,0.097280000000,   0.05600,
,,,0.097300000000,   0.05600,
,,,0.097320000000,   0.08000,
,,,0.097340000000,   0.05600,
,,,0.097360000000,   0.02400,
,,,0.097380000000,   0.07200,
,,,0.097400000000,   0.05600,
,,,0.097420000000,   0.04000,
,,,0.097440000000,   0.08000,
,,,0.097460000000,   0.06400,
,,,0.097480000000,   0.04000,
,,,0.097500000000,   0.02400,
,,,0.097520000000,   0.04800,
,,,0.097540000000,   0.01600,
,,,0.097560000000,   0.00800,
,,,0.097580000000,   0.07200,
,,,0.097600000000,   0.04800,
,,,0.097620000000,   0.02400,
,,,0.097640000000,   0.05600,
,,,0.097660000000,   0.04800,
,,,0.097680000000,   0.01600,
,,,0.097700000000,   0.01600,
,,,0.097720000000,   0.03200,
,,,0.097740000000,   0.00000,
,,,0.097760000000,  -0.01600,
,,,0.097780000000,   0.04800,
,,,0.097800000000,   0.01600,
,,,0.097820000000,  -0.00800,
,,,0.097840000000,   0.02400,
,,,0.097860000000,   0.01600,
,,,0.097880000000,  -0.00800,
,,,0.097900000000,   0.00800,
,,,0.097920000000,   0.04800,
,,,0.097940000000,   0.01600,
,,,0.097960000000,   0.00000,
,,,0.097980000000,   0.04800,
,,,0.098000000000,   0.00800,
,,,0.098020000000,  -0.03200,
,,,0.098040000000,   0.00800,
,,,0.098060000000,   0.00000,
,,,0.098080000000,  -0.02400,
,,,0.098100000000,  -0.00800,
,,,0.098120000000,   0.02400,
,,,0.098140000000,  -0.00800,
,,,0.098160000000,  -0.03200,
,,,0.098180000000,   0.03200,
,,,0.098200000000,   0.01600,
,,,0.098220000000,  -0.00800,
,,,0.098240000000,   0.02400,
,,,0.098260000000,   0.01600,
,,,0.098280000000,  -0.02400,
,,,0.098300000000,  -0.00800,
,,,0.098320000000,   0.01600,
,,,0.098340000000,  -0.01600,
,,,0.098360000000,  -0.03200,
,,,0.098380000000,   0.00800,
,,,0.098400000000,  -0.04000,
,,,0.098420000000,  -0.05600,
,,,0.098440000000,   0.00000,
,,,0.098460000000,  -0.01600,
,,,0.098480000000,  -0.04800,
,,,0.098500000000,  -0.03200,
,,,0.098520000000,  -0.01600,
,,,0.098540000000,  -0.04000,
,,,0.098560000000,  -0.04000,
,,,0.098580000000,   0.00800,
,,,0.098600000000,  -0.00800,
,,,0.098620000000,  -0.02400,
,,,0.098640000000,   0.02400,
,,,0.098660000000,   0.01600,
,,,0.098680000000,  -0.00800,
,,,0.098700000000,   0.00000,
,,,0.098720000000,   0.03200,
,,,0.098740000000,   0.00000,
,,,0.098760000000,  -0.02400,
,,,0.098780000000,   0.02400,
,,,0.098800000000,  -0.01600,
,,,0.098820000000,  -0.04800,
,,,0.098840000000,   0.00000,
,,,0.098860000000,  -0.03200,
,,,0.098880000000,  -0.07200,
,,,0.098900000000,  -0.05600,
,,,0.098920000000,  -0.05600,
,,,0.098940000000,  -0.09600,
,,,0.098960000000,  -0.12800,
,,,0.098980000000,  -0.08800,
,,,0.099000000000,  -0.12800,
,,,0.099020000000,  -0.14400,
,,,0.099040000000,  -0.11200,
,,,0.099060000000,  -0.13600,
,,,0.099080000000,  -0.18400,
,,,0.099100000000,  -0.16800,
,,,0.099120000000,  -0.16000,
,,,0.099140000000,  -0.20800,
,,,0.099160000000,  -0.24800,
,,,0.099180000000,  -0.20800,
,,,0.099200000000,  -0.25600,
,,,0.099220000000,  -0.29600,
,,,0.099240000000,  -0.29600,
,,,0.099260000000,  -0.34400,
,,,0.099280000000,  -0.42400,
,,,0.099300000000,  -0.44800,
,,,0.099320000000,  -0.46400,
,,,0.099340000000,  -0.51200,
,,,0.099360000000,  -0.52800,
,,,0.099380000000,  -0.48000,
,,,0.099400000000,  -0.48800,
,,,0.099420000000,  -0.48800,
,,,0.099440000000,  -0.40800,
,,,0.099460000000,  -0.40000,
,,,0.099480000000,  -0.40800,
,,,0.099500000000,  -0.36000,
,,,0.099520000000,  -0.32000,
,,,0.099540000000,  -0.32000,
,,,0.099560000000,  -0.30400,
,,,0.099580000000,  -0.23200,
,,,0.099600000000,  -0.24000,
,,,0.099620000000,  -0.24000,
,,,0.099640000000,  -0.17600,
,,,0.099660000000,  -0.19200,
,,,0.099680000000,  -0.20000,
,,,0.099700000000,  -0.16800,
,,,0.099720000000,  -0.14400,
,,,0.099740000000,  -0.16800,
,,,0.099760000000,  -0.17600,
,,,0.099780000000,  -0.13600,
,,,0.099800000000,  -0.17600,
,,,0.099820000000,  -0.20000,
,,,0.099840000000,  -0.13600,
,,,0.099860000000,  -0.15200,
,,,0.099880000000,  -0.16000,
,,,0.099900000000,  -0.12800,
,,,0.099920000000,  -0.12800,
,,,0.099940000000,  -0.17600,
,,,0.099960000000,  -0.17600,
,,,0.099980000000,  -0.12000,
,,,0.100000000000,  -0.15200,
,,,0.100020000000,  -0.17600,
,,,0.100040000000,  -0.11200,
,,,0.100060000000,  -0.12000,
,,,0.100080000000,  -0.14400,
,,,0.100100000000,  -0.12000,
,,,0.100120000000,  -0.10400,
,,,0.100140000000,  -0.12000,
,,,0.100160000000,  -0.13600,
,,,0.100180000000,  -0.09600,
,,,0.100200000000,  -0.12000,
,,,0.100220000000,  -0.14400,
,,,0.100240000000,  -0.08800,
,,,0.100260000000,  -0.12000,
,,,0.100280000000,  -0.15200,
,,,0.100300000000,  -0.13600,
,,,0.100320000000,  -0.13600,
,,,0.100340000000,  -0.17600,
,,,0.100360000000,  -0.19200,
,,,0.100380000000,  -0.14400,
,,,0.100400000000,  -0.18400,
,,,0.100420000000,  -0.20000,
,,,0.100440000000,  -0.15200,
,,,0.100460000000,  -0.17600,
,,,0.100480000000,  -0.20000,
,,,0.100500000000,  -0.19200,
,,,0.100520000000,  -0.18400,
,,,0.100540000000,  -0.20000,
,,,0.100560000000,  -0.19200,
,,,0.100580000000,  -0.16000,
,,,0.100600000000,  -0.20000,
,,,0.100620000000,  -0.22400,
,,,0.100640000000,  -0.18400,
,,,0.100660000000,  -0.21600,
,,,0.100680000000,  -0.26400,
,,,0.100700000000,  -0.25600,
,,,0.100720000000,  -0.27200,
,,,0.100740000000,  -0.33600,
,,,0.100760000000,  -0.36000,
,,,0.100780000000,  -0.33600,
,,,0.100800000000,  -0.40000,
,,,0.100820000000,  -0.45600,
,,,0.100840000000,  -0.44000,
,,,0.100860000000,  -0.50400,
,,,0.100880000000,  -0.56000,
,,,0.100900000000,  -0.56800,
,,,0.100920000000,  -0.56800,
,,,0.100940000000,  -0.60000,
,,,0.100960000000,  -0.58400,
,,,0.100980000000,  -0.52800,
,,,0.101000000000,  -0.54400,
,,,0.101020000000,  -0.53600,
,,,0.101040000000,  -0.44800,
,,,0.101060000000,  -0.44000,
,,,0.101080000000,  -0.43200,
,,,0.101100000000,  -0.36000,
,,,0.101120000000,  -0.32800,
,,,0.101140000000,  -0.33600,
,,,0.101160000000,  -0.32000,
,,,0.101180000000,  -0.26400,
,,,0.101200000000,  -0.28000,
,,,0.101220000000,  -0.28000,
,,,0.101240000000,  -0.20800,
,,,0.101260000000,  -0.23200,
,,,0.101280000000,  -0.26400,
,,,0.101300000000,  -0.20800,
,,,0.101320000000,  -0.18400,
,,,0.101340000000,  -0.20000,
,,,0.101360000000,  -0.19200,
,,,0.101380000000,  -0.14400,
,,,0.101400000000,  -0.16800,
,,,0.101420000000,  -0.20000,
,,,0.101440000000,  -0.13600,
,,,0.101460000000,  -0.15200,
,,,0.101480000000,  -0.18400,
,,,0.101500000000,  -0.16000,
,,,0.101520000000,  -0.17600,
,,,0.101540000000,  -0.20000,
,,,0.101560000000,  -0.19200,
,,,0.101580000000,  -0.14400,
,,,0.101600000000,  -0.16800,
,,,0.101620000000,  -0.18400,
,,,0.101640000000,  -0.13600,
,,,0.101660000000,  -0.16000,
,,,0.101680000000,  -0.19200,
,,,0.101700000000,  -0.16000,
,,,0.101720000000,  -0.13600,
,,,0.101740000000,  -0.17600,
,,,0.101760000000,  -0.16800,
,,,0.101780000000,  -0.12800,
,,,0.101800000000,  -0.16800,
,,,0.101820000000,  -0.18400,
,,,0.101840000000,  -0.13600,
,,,0.101860000000,  -0.16000,
,,,0.101880000000,  -0.17600,
,,,0.101900000000,  -0.16000,
,,,0.101920000000,  -0.15200,
,,,0.101940000000,  -0.18400,
,,,0.101960000000,  -0.19200,
,,,0.101980000000,  -0.14400,
,,,0.102000000000,  -0.16800,
,,,0.102020000000,  -0.18400,
,,,0.102040000000,  -0.14400,
,,,0.102060000000,  -0.16800,
,,,0.102080000000,  -0.19200,
,,,0.102100000000,  -0.16000,
,,,0.102120000000,  -0.14400,
,,,0.102140000000,  -0.16800,
,,,0.102160000000,  -0.16000,
,,,0.102180000000,  -0.12800,
,,,0.102200000000,  -0.16800,
,,,0.102220000000,  -0.19200,
,,,0.102240000000,  -0.15200,
,,,0.102260000000,  -0.18400,
,,,0.102280000000,  -0.20000,
,,,0.102300000000,  -0.15200,
,,,0.102320000000,  -0.16000,
,,,0.102340000000,  -0.20000,
,,,0.102360000000,  -0.19200,
,,,0.102380000000,  -0.13600,
,,,0.102400000000,  -0.16000,
,,,0.102420000000,  -0.18400,
,,,0.102440000000,  -0.12000,
,,,0.102460000000,  -0.13600,
,,,0.102480000000,  -0.15200,
,,,0.102500000000,  -0.12800,
,,,0.102520000000,  -0.15200,
,,,0.102540000000,  -0.17600,
,,,0.102560000000,  -0.16800,
,,,0.102580000000,  -0.13600,
,,,0.102600000000,  -0.16000,
,,,0.102620000000,  -0.18400,
,,,0.102640000000,  -0.13600,
,,,0.102660000000,  -0.16800,
,,,0.102680000000,  -0.18400,
,,,0.102700000000,  -0.12800,
,,,0.102720000000,  -0.13600,
,,,0.102740000000,  -0.16800,
,,,0.102760000000,  -0.15200,
,,,0.102780000000,  -0.12000,
,,,0.102800000000,  -0.15200,
,,,0.102820000000,  -0.18400,
,,,0.102840000000,  -0.13600,
,,,0.102860000000,  -0.16800,
,,,0.102880000000,  -0.19200,
,,,0.102900000000,  -0.16000,
,,,0.102920000000,  -0.16800,
,,,0.102940000000,  -0.19200,
,,,0.102960000000,  -0.17600,
,,,0.102980000000,  -0.13600,
,,,0.103000000000,  -0.16000,
,,,0.103020000000,  -0.17600,
,,,0.103040000000,  -0.12800,
,,,0.103060000000,  -0.16000,
,,,0.103080000000,  -0.17600,
,,,0.103100000000,  -0.14400,
,,,0.103120000000,  -0.16000,
,,,0.103140000000,  -0.18400,
,,,0.103160000000,  -0.18400,
,,,0.103180000000,  -0.15200,
,,,0.103200000000,  -0.16800,
,,,0.103220000000,  -0.19200,
,,,0.103240000000,  -0.13600,
,,,0.103260000000,  -0.16000,
,,,0.103280000000,  -0.17600,
,,,0.103300000000,  -0.12800,
,,,0.103320000000,  -0.12800,
,,,0.103340000000,  -0.15200,
,,,0.103360000000,  -0.14400,
,,,0.103380000000,  -0.09600,
,,,0.103400000000,  -0.12000,
,,,0.103420000000,  -0.15200,
,,,0.103440000000,  -0.10400,
,,,0.103460000000,  -0.12800,
,,,0.103480000000,  -0.16000,
,,,0.103500000000,  -0.10400,
,,,0.103520000000,  -0.10400,
,,,0.103540000000,  -0.13600,
,,,0.103560000000,  -0.12000,
,,,0.103580000000,  -0.08800,
,,,0.103600000000,  -0.10400,
,,,0.103620000000,  -0.12800,
,,,0.103640000000,  -0.06400,
,,,0.103660000000,  -0.09600,
,,,0.103680000000,  -0.13600,
,,,0.103700000000,  -0.09600,
,,,0.103720000000,  -0.11200,
,,,0.103740000000,  -0.15200,
,,,0.103760000000,  -0.13600,
,,,0.103780000000,  -0.10400,
,,,0.103800000000,  -0.12800,
,,,0.103820000000,  -0.13600,
,,,0.103840000000,  -0.08800,
,,,0.103860000000,  -0.12000,
,,,0.103880000000,  -0.12000,
,,,0.103900000000,  -0.06400,
,,,0.103920000000,  -0.08000,
,,,0.103940000000,  -0.10400,
,,,0.103960000000,  -0.09600,
,,,0.103980000000,  -0.06400,
,,,0.104000000000,  -0.10400,
,,,0.104020000000,  -0.12000,
,,,0.104040000000,  -0.07200,
,,,0.104060000000,  -0.09600,
,,,0.104080000000,  -0.11200,
,,,0.104100000000,  -0.06400,
,,,0.104120000000,  -0.07200,
,,,0.104140000000,  -0.10400,
,,,0.104160000000,  -0.09600,
,,,0.104180000000,  -0.05600,
,,,0.104200000000,  -0.08800,
,,,0.104220000000,  -0.11200,
,,,0.104240000000,  -0.05600,
,,,0.104260000000,  -0.08800,
,,,0.104280000000,  -0.11200,
,,,0.104300000000,  -0.06400,
,,,0.104320000000,  -0.08000,
,,,0.104340000000,  -0.11200,
,,,0.104360000000,  -0.11200,
,,,0.104380000000,  -0.08800,
,,,0.104400000000,  -0.12000,
,,,0.104420000000,  -0.13600,
,,,0.104440000000,  -0.07200,
,,,0.104460000000,  -0.10400,
,,,0.104480000000,  -0.12000,
,,,0.104500000000,  -0.07200,
,,,0.104520000000,  -0.10400,
,,,0.104540000000,  -0.12000,
,,,0.104560000000,  -0.10400,
,,,0.104580000000,  -0.06400,
,,,0.104600000000,  -0.09600,
,,,0.104620000000,  -0.11200,
,,,0.104640000000,  -0.06400,
,,,0.104660000000,  -0.08000,
,,,0.104680000000,  -0.09600,
,,,0.104700000000,  -0.04800,
,,,0.104720000000,  -0.04800,
,,,0.104740000000,  -0.07200,
,,,0.104760000000,  -0.06400,
,,,0.104780000000,  -0.04000,
,,,0.104800000000,  -0.07200,
,,,0.104820000000,  -0.09600,
,,,0.104840000000,  -0.04800,
,,,0.104860000000,  -0.07200,
,,,0.104880000000,  -0.08000,
,,,0.104900000000,  -0.02400,
,,,0.104920000000,  -0.04000,
,,,0.104940000000,  -0.07200,
,,,0.104960000000,  -0.06400,
,,,0.104980000000,  -0.05600,
,,,0.105000000000,  -0.10400,
,,,0.105020000000,  -0.11200,
,,,0.105040000000,  -0.04800,
,,,0.105060000000,  -0.06400,
,,,0.105080000000,  -0.07200,
,,,0.105100000000,  -0.02400,
,,,0.105120000000,  -0.03200,
,,,0.105140000000,  -0.06400,
,,,0.105160000000,  -0.04800,
,,,0.105180000000,  -0.02400,
,,,0.105200000000,  -0.04800,
,,,0.105220000000,  -0.04800,
,,,0.105240000000,   0.00000,
,,,0.105260000000,  -0.03200,
,,,0.105280000000,  -0.06400,
,,,0.105300000000,  -0.01600,
,,,0.105320000000,  -0.02400,
,,,0.105340000000,  -0.04800,
,,,0.105360000000,  -0.02400,
,,,0.105380000000,   0.00000,
,,,0.105400000000,  -0.02400,
,,,0.105420000000,  -0.03200,
,,,0.105440000000,   0.03200,
,,,0.105460000000,   0.00800,
,,,0.105480000000,  -0.02400,
,,,0.105500000000,   0.03200,
,,,0.105520000000,   0.02400,
,,,0.105540000000,  -0.00800,
,,,0.105560000000,   0.00800,
,,,0.105580000000,   0.03200,
,,,0.105600000000,   0.00000,
,,,0.105620000000,   0.00000,
,,,0.105640000000,   0.06400,
,,,0.105660000000,   0.02400,
,,,0.105680000000,   0.00800,
,,,0.105700000000,   0.06400,
,,,0.105720000000,   0.04000,
,,,0.105740000000,   0.00800,
,,,0.105760000000,   0.04000,
,,,0.105780000000,   0.06400,
,,,0.105800000000,   0.02400,
,,,0.105820000000,   0.01600,
,,,0.105840000000,   0.08000,
,,,0.105860000000,   0.04800,
,,,0.105880000000,   0.04000,
,,,0.105900000000,   0.08000,
,,,0.105920000000,   0.05600,
,,,0.105940000000,   0.02400,
,,,0.105960000000,   0.06400,
,,,0.105980000000,   0.08000,
,,,0.106000000000,   0.06400,
,,,0.106020000000,   0.04800,
,,,0.106040000000,   0.08800,
,,,0.106060000000,   0.06400,
,,,0.106080000000,   0.04000,
,,,0.106100000000,   0.08800,
,,,0.106120000000,   0.07200,
,,,0.106140000000,   0.05600,
,,,0.106160000000,   0.08800,
,,,0.106180000000,   0.11200,
,,,0.106200000000,   0.08000,
,,,0.106220000000,   0.05600,
,,,0.106240000000,   0.10400,
,,,0.106260000000,   0.08800,
,,,0.106280000000,   0.06400,
,,,0.106300000000,   0.11200,
,,,0.106320000000,   0.09600,
,,,0.106340000000,   0.07200,
,,,0.106360000000,   0.09600,
,,,0.106380000000,   0.10400,
,,,0.106400000000,   0.09600,
,,,0.106420000000,   0.11200,
,,,0.106440000000,   0.14400,
,,,0.106460000000,   0.09600,
,,,0.106480000000,   0.07200,
,,,0.106500000000,   0.12000,
,,,0.106520000000,   0.10400,
,,,0.106540000000,   0.08000,
,,,0.106560000000,   0.12000,
,,,0.106580000000,   0.11200,
,,,0.106600000000,   0.07200,
,,,0.106620000000,   0.06400,
,,,0.106640000000,   0.09600,
,,,0.106660000000,   0.07200,
,,,0.106680000000,   0.06400,
,,,0.106700000000,   0.11200,
,,,0.106720000000,   0.08800,
,,,0.106740000000,   0.05600,
,,,0.106760000000,   0.10400,
,,,0.106780000000,   0.12000,
,,,0.106800000000,   0.08800,
,,,0.106820000000,   0.08000,
,,,0.106840000000,   0.12800,
,,,0.106860000000,   0.10400,
,,,0.106880000000,   0.08800,
,,,0.106900000000,   0.14400,
,,,0.106920000000,   0.12000,
,,,0.106940000000,   0.08800,
,,,0.106960000000,   0.12800,
,,,0.106980000000,   0.14400,
,,,0.107000000000,   0.11200,
,,,0.107020000000,   0.10400,
,,,0.107040000000,   0.13600,
,,,0.107060000000,   0.10400,
,,,0.107080000000,   0.08800,
,,,0.107100000000,   0.13600,
,,,0.107120000000,   0.10400,
,,,0.107140000000,   0.08000,
,,,0.107160000000,   0.12000,
,,,0.107180000000,   0.12000,
,,,0.107200000000,   0.09600,
,,,0.107220000000,   0.09600,
,,,0.107240000000,   0.13600,
,,,0.107260000000,   0.10400,
,,,0.107280000000,   0.08000,
,,,0.107300000000,   0.12800,
,,,0.107320000000,   0.09600,
,,,0.107340000000,   0.07200,
,,,0.107360000000,   0.10400,
,,,0.107380000000,   0.10400,
,,,0.107400000000,   0.07200,
,,,0.107420000000,   0.07200,
,,,0.107440000000,   0.10400,
,,,0.107460000000,   0.08000,
,,,0.107480000000,   0.04800,
,,,0.107500000000,   0.08800,
,,,0.107520000000,   0.04000,
,,,0.107540000000,   0.00000,
,,,0.107560000000,   0.00000,
,,,0.107580000000,  -0.03200,
,,,0.107600000000,  -0.08800,
,,,0.107620000000,  -0.11200,
,,,0.107640000000,  -0.11200,
,,,0.107660000000,  -0.19200,
,,,0.107680000000,  -0.24800,
,,,0.107700000000,  -0.24000,
,,,0.107720000000,  -0.28000,
,,,0.107740000000,  -0.31200,
,,,0.107760000000,  -0.30400,
,,,0.107780000000,  -0.27200,
,,,0.107800000000,  -0.27200,
,,,0.107820000000,  -0.23200,
,,,0.107840000000,  -0.16000,
,,,0.107860000000,  -0.16000,
,,,0.107880000000,  -0.13600,
,,,0.107900000000,  -0.06400,
,,,0.107920000000,  -0.05600,
,,,0.107940000000,  -0.04800,
,,,0.107960000000,   0.00000,
,,,0.107980000000,   0.03200,
,,,0.108000000000,   0.03200,
,,,0.108020000000,   0.04800,
,,,0.108040000000,   0.11200,
,,,0.108060000000,   0.11200,
,,,0.108080000000,   0.09600,
,,,0.108100000000,   0.15200,
,,,0.108120000000,   0.14400,
,,,0.108140000000,   0.12000,
,,,0.108160000000,   0.15200,
,,,0.108180000000,   0.16000,
,,,0.108200000000,   0.13600,
,,,0.108220000000,   0.15200,
,,,0.108240000000,   0.20800,
,,,0.108260000000,   0.19200,
,,,0.108280000000,   0.16800,
,,,0.108300000000,   0.23200,
,,,0.108320000000,   0.20800,
,,,0.108340000000,   0.18400,
,,,0.108360000000,   0.23200,
,,,0.108380000000,   0.23200,
,,,0.108400000000,   0.20000,
,,,0.108420000000,   0.20000,
,,,0.108440000000,   0.23200,
,,,0.108460000000,   0.21600,
,,,0.108480000000,   0.21600,
,,,0.108500000000,   0.27200,
,,,0.108520000000,   0.24800,
,,,0.108540000000,   0.24000,
,,,0.108560000000,   0.28000,
,,,0.108580000000,   0.27200,
,,,0.108600000000,   0.25600,
,,,0.108620000000,   0.26400,
,,,0.108640000000,   0.28800,
,,,0.108660000000,   0.25600,
,,,0.108680000000,   0.24800,
,,,0.108700000000,   0.31200,
,,,0.108720000000,   0.28000,
,,,0.108740000000,   0.26400,
,,,0.108760000000,   0.28800,
,,,0.108780000000,   0.28800,
,,,0.108800000000,   0.25600,
,,,0.108820000000,   0.24000,
,,,0.108840000000,   0.26400,
,,,0.108860000000,   0.23200,
,,,0.108880000000,   0.20000,
,,,0.108900000000,   0.25600,
,,,0.108920000000,   0.21600,
,,,0.108940000000,   0.19200,
,,,0.108960000000,   0.23200,
,,,0.108980000000,   0.22400,
,,,0.109000000000,   0.20000,
,,,0.109020000000,   0.18400,
,,,0.109040000000,   0.20000,
,,,0.109060000000,   0.15200,
,,,0.109080000000,   0.11200,
,,,0.109100000000,   0.13600,
,,,0.109120000000,   0.08000,
,,,0.109140000000,   0.03200,
,,,0.109160000000,   0.05600,
,,,0.109180000000,   0.01600,
,,,0.109200000000,  -0.04800,
,,,0.109220000000,  -0.08000,
,,,0.109240000000,  -0.08800,
,,,0.109260000000,  -0.16800,
,,,0.109280000000,  -0.22400,
,,,0.109300000000,  -0.17600,
,,,0.109320000000,  -0.20800,
,,,0.109340000000,  -0.23200,
,,,0.109360000000,  -0.17600,
,,,0.109380000000,  -0.15200,
,,,0.109400000000,  -0.15200,
,,,0.109420000000,  -0.11200,
,,,0.109440000000,  -0.04800,
,,,0.109460000000,  -0.04800,
,,,0.109480000000,  -0.04800,
,,,0.109500000000,   0.04000,
,,,0.109520000000,   0.03200,
,,,0.109540000000,   0.03200,
,,,0.109560000000,   0.08800,
,,,0.109580000000,   0.10400,
,,,0.109600000000,   0.08800,
,,,0.109620000000,   0.09600,
,,,0.109640000000,   0.14400,
,,,0.109660000000,   0.12800,
,,,0.109680000000,   0.12000,
,,,0.109700000000,   0.19200,
,,,0.109720000000,   0.17600,
,,,0.109740000000,   0.16800,
,,,0.109760000000,   0.22400,
,,,0.109780000000,   0.21600,
,,,0.109800000000,   0.18400,
,,,0.109820000000,   0.19200,
,,,0.109840000000,   0.22400,
,,,0.109860000000,   0.20000,
,,,0.109880000000,   0.17600,
,,,0.109900000000,   0.22400,
,,,0.109920000000,   0.19200,
,,,0.109940000000,   0.18400,
,,,0.109960000000,   0.21600,
,,,0.109980000000,   0.20800,
,,,0.110000000000,   0.18400,
,,,0.110020000000,   0.19200,
,,,0.110040000000,   0.22400,
,,,0.110060000000,   0.20000,
,,,0.110080000000,   0.20000,
,,,0.110100000000,   0.26400,
,,,0.110120000000,   0.24000,
,,,0.110140000000,   0.21600,
,,,0.110160000000,   0.25600,
,,,0.110180000000,   0.23200,
,,,0.110200000000,   0.20800,
,,,0.110220000000,   0.21600,
,,,0.110240000000,   0.25600,
,,,0.110260000000,   0.22400,
,,,0.110280000000,   0.20800,
,,,0.110300000000,   0.26400,
,,,0.110320000000,   0.22400,
,,,0.110340000000,   0.20800,
,,,0.110360000000,   0.25600,
,,,0.110380000000,   0.25600,
,,,0.110400000000,   0.21600,
,,,0.110420000000,   0.22400,
,,,0.110440000000,   0.25600,
,,,0.110460000000,   0.22400,
,,,0.110480000000,   0.21600,
,,,0.110500000000,   0.27200,
,,,0.110520000000,   0.24800,
,,,0.110540000000,   0.24000,
,,,0.110560000000,   0.27200,
,,,0.110580000000,   0.24800,
,,,0.110600000000,   0.22400,
,,,0.110620000000,   0.23200,
,,,0.110640000000,   0.25600,
,,,0.110660000000,   0.23200,
,,,0.110680000000,   0.20800,
,,,0.110700000000,   0.27200,
,,,0.110720000000,   0.24800,
,,,0.110740000000,   0.22400,
,,,0.110760000000,   0.26400,
,,,0.110780000000,   0.26400,
,,,0.110800000000,   0.23200,
,,,0.110820000000,   0.25600,
,,,0.110840000000,   0.28800,
,,,0.110860000000,   0.25600,
,,,0.110880000000,   0.24800,
,,,0.110900000000,   0.30400,
,,,0.110920000000,   0.27200,
,,,0.110940000000,   0.24000,
,,,0.110960000000,   0.28800,
,,,0.110980000000,   0.27200,
,,,0.111000000000,   0.23200,
,,,0.111020000000,   0.24800,
,,,0.111040000000,   0.27200,
,,,0.111060000000,   0.23200,
,,,0.111080000000,   0.23200,
,,,0.111100000000,   0.28800,
,,,0.111120000000,   0.24800,
,,,0.111140000000,   0.22400,
,,,0.111160000000,   0.28000,
,,,0.111180000000,   0.26400,
,,,0.111200000000,   0.23200,
,,,0.111220000000,   0.24800,
,,,0.111240000000,   0.26400,
,,,0.111260000000,   0.23200,
,,,0.111280000000,   0.22400,
,,,0.111300000000,   0.25600,
,,,0.111320000000,   0.23200,
,,,0.111340000000,   0.21600,
,,,0.111360000000,   0.27200,
,,,0.111380000000,   0.26400,
,,,0.111400000000,   0.23200,
,,,0.111420000000,   0.24000,
,,,0.111440000000,   0.26400,
,,,0.111460000000,   0.23200,
,,,0.111480000000,   0.21600,
,,,0.111500000000,   0.28000,
,,,0.111520000000,   0.25600,
,,,0.111540000000,   0.24800,
,,,0.111560000000,   0.30400,
,,,0.111580000000,   0.29600,
,,,0.111600000000,   0.27200,
,,,0.111620000000,   0.28800,
,,,0.111640000000,   0.29600,
,,,0.111660000000,   0.25600,
,,,0.111680000000,   0.25600,
,,,0.111700000000,   0.30400,
,,,0.111720000000,   0.27200,
,,,0.111740000000,   0.23200,
,,,0.111760000000,   0.28000,
,,,0.111780000000,   0.27200,
,,,0.111800000000,   0.24800,
,,,0.111820000000,   0.26400,
,,,0.111840000000,   0.27200,
,,,0.111860000000,   0.24800,
,,,0.111880000000,   0.25600,
,,,0.111900000000,   0.31200,
,,,0.111920000000,   0.28800,
,,,0.111940000000,   0.25600,
,,,0.111960000000,   0.29600,
,,,0.111980000000,   0.27200,
,,,0.112000000000,   0.24000,
,,,0.112020000000,   0.25600,
,,,0.112040000000,   0.26400,
,,,0.112060000000,   0.23200,
,,,0.112080000000,   0.22400,
,,,0.112100000000,   0.25600,
,,,0.112120000000,   0.21600,
,,,0.112140000000,   0.18400,
,,,0.112160000000,   0.23200,
,,,0.112180000000,   0.21600,
,,,0.112200000000,   0.20000,
,,,0.112220000000,   0.21600,
,,,0.112240000000,   0.23200,
,,,0.112260000000,   0.20000,
,,,0.112280000000,   0.20800,
,,,0.112300000000,   0.25600,
,,,0.112320000000,   0.23200,
,,,0.112340000000,   0.20800,
,,,0.112360000000,   0.25600,
,,,0.112380000000,   0.23200,
,,,0.112400000000,   0.21600,
,,,0.112420000000,   0.23200,
,,,0.112440000000,   0.24800,
,,,0.112460000000,   0.20800,
,,,0.112480000000,   0.20000,
,,,0.112500000000,   0.22400,
,,,0.112520000000,   0.20000,
,,,0.112540000000,   0.16000,
,,,0.112560000000,   0.20000,
,,,0.112580000000,   0.18400,
,,,0.112600000000,   0.15200,
,,,0.112620000000,   0.17600,
,,,0.112640000000,   0.17600,
,,,0.112660000000,   0.16000,
,,,0.112680000000,   0.16000,
,,,0.112700000000,   0.19200,
,,,0.112720000000,   0.16800,
,,,0.112740000000,   0.14400,
,,,0.112760000000,   0.19200,
,,,0.112780000000,   0.16000,
,,,0.112800000000,   0.12800,
,,,0.112820000000,   0.16000,
,,,0.112840000000,   0.16000,
,,,0.112860000000,   0.12800,
,,,0.112880000000,   0.12000,
,,,0.112900000000,   0.15200,
,,,0.112920000000,   0.12000,
,,,0.112940000000,   0.08800,
,,,0.112960000000,   0.15200,
,,,0.112980000000,   0.12000,
,,,0.113000000000,   0.08800,
,,,0.113020000000,   0.11200,
,,,0.113040000000,   0.12000,
,,,0.113060000000,   0.08000,
,,,0.113080000000,   0.08000,
,,,0.113100000000,   0.13600,
,,,0.113120000000,   0.11200,
,,,0.113140000000,   0.09600,
,,,0.113160000000,   0.16000,
,,,0.113180000000,   0.13600,
,,,0.113200000000,   0.11200,
,,,0.113220000000,   0.14400,
,,,0.113240000000,   0.14400,
,,,0.113260000000,   0.10400,
,,,0.113280000000,   0.10400,
,,,0.113300000000,   0.14400,
,,,0.113320000000,   0.11200,
,,,0.113340000000,   0.08800,
,,,0.113360000000,   0.15200,
,,,0.113380000000,   0.12800,
,,,0.113400000000,   0.10400,
,,,0.113420000000,   0.14400,
,,,0.113440000000,   0.13600,
,,,0.113460000000,   0.11200,
,,,0.113480000000,   0.10400,
,,,0.113500000000,   0.13600,
,,,0.113520000000,   0.10400,
,,,0.113540000000,   0.08000,
,,,0.113560000000,   0.12000,
,,,0.113580000000,   0.08800,
,,,0.113600000000,   0.05600,
,,,0.113620000000,   0.09600,
,,,0.113640000000,   0.09600,
,,,0.113660000000,   0.07200,
,,,0.113680000000,   0.07200,
,,,0.113700000000,   0.09600,
,,,0.113720000000,   0.05600,
,,,0.113740000000,   0.05600,
,,,0.113760000000,   0.09600,
,,,0.113780000000,   0.06400,
,,,0.113800000000,   0.04000,
,,,0.113820000000,   0.04800,
,,,0.113840000000,   0.06400,
,,,0.113860000000,   0.03200,
,,,0.113880000000,   0.02400,
,,,0.113900000000,   0.07200,
,,,0.113920000000,   0.04000,
,,,0.113940000000,   0.02400,
,,,0.113960000000,   0.08000,
,,,0.113980000000,   0.04800,
,,,0.114000000000,   0.03200,
,,,0.114020000000,   0.06400,
,,,0.114040000000,   0.08000,
,,,0.114060000000,   0.04800,
,,,0.114080000000,   0.03200,
,,,0.114100000000,   0.07200,
,,,0.114120000000,   0.04800,
,,,0.114140000000,   0.04800,
,,,0.114160000000,   0.09600,
,,,0.114180000000,   0.05600,
,,,0.114200000000,   0.01600,
,,,0.114220000000,   0.04800,
,,,0.114240000000,   0.06400,
,,,0.114260000000,   0.04000,
,,,0.114280000000,   0.04000,
,,,0.114300000000,   0.07200,
,,,0.114320000000,   0.04000,
,,,0.114340000000,   0.01600,
,,,0.114360000000,   0.05600,
,,,0.114380000000,   0.01600,
,,,0.114400000000,  -0.02400,
,,,0.114420000000,   0.00800,
,,,0.114440000000,   0.02400,
,,,0.114460000000,   0.00000,
,,,0.114480000000,   0.00800,
,,,0.114500000000,   0.04000,
,,,0.114520000000,   0.00800,
,,,0.114540000000,  -0.02400,
,,,0.114560000000,   0.03200,
,,,0.114580000000,   0.00000,
,,,0.114600000000,  -0.02400,
,,,0.114620000000,   0.00800,
,,,0.114640000000,   0.00800,
,,,0.114660000000,  -0.00800,
,,,0.114680000000,   0.00000,
,,,0.114700000000,   0.01600,
,,,0.114720000000,  -0.02400,
,,,0.114740000000,  -0.04000,
,,,0.114760000000,   0.00800,
,,,0.114780000000,  -0.01600,
,,,0.114800000000,  -0.04000,
,,,0.114820000000,  -0.00800,
,,,0.114840000000,  -0.01600,
,,,0.114860000000,  -0.04800,
,,,0.114880000000,  -0.05600,
,,,0.114900000000,  -0.00800,
,,,0.114920000000,  -0.01600,
,,,0.114940000000,  -0.03200,
,,,0.114960000000,   0.02400,
,,,0.114980000000,  -0.00800,
,,,0.115000000000,  -0.04000,
,,,0.115020000000,  -0.01600,
,,,0.115040000000,  -0.02400,
,,,0.115060000000,  -0.05600,
,,,0.115080000000,  -0.05600,
,,,0.115100000000,  -0.01600,
,,,0.115120000000,  -0.05600,
,,,0.115140000000,  -0.08000,
,,,0.115160000000,  -0.03200,
,,,0.115180000000,  -0.06400,
,,,0.115200000000,  -0.08000,
,,,0.115220000000,  -0.03200,
,,,0.115240000000,  -0.04800,
,,,0.115260000000,  -0.06400,
,,,0.115280000000,  -0.05600,
,,,0.115300000000,  -0.02400,
,,,0.115320000000,  -0.06400,
,,,0.115340000000,  -0.08000,
,,,0.115360000000,  -0.01600,
,,,0.115380000000,  -0.04800,
,,,0.115400000000,  -0.06400,
,,,0.115420000000,  -0.03200,
,,,0.115440000000,  -0.04800,
,,,0.115460000000,  -0.08800,
,,,0.115480000000,  -0.08800,
,,,0.115500000000,  -0.07200,
,,,0.115520000000,  -0.11200,
,,,0.115540000000,  -0.12800,
,,,0.115560000000,  -0.08000,
,,,0.115580000000,  -0.11200,
,,,0.115600000000,  -0.13600,
,,,0.115620000000,  -0.09600,
,,,0.115640000000,  -0.10400,
,,,0.115660000000,  -0.15200,
,,,0.115680000000,  -0.14400,
,,,0.115700000000,  -0.11200,
,,,0.115720000000,  -0.16000,
,,,0.115740000000,  -0.18400,
,,,0.115760000000,  -0.15200,
,,,0.115780000000,  -0.20000,
,,,0.115800000000,  -0.24000,
,,,0.115820000000,  -0.20000,
,,,0.115840000000,  -0.24000,
,,,0.115860000000,  -0.29600,
,,,0.115880000000,  -0.31200,
,,,0.115900000000,  -0.31200,
,,,0.115920000000,  -0.36800,
,,,0.115940000000,  -0.41600,
,,,0.115960000000,  -0.40000,
,,,0.115980000000,  -0.47200,
,,,0.116000000000,  -0.51200,
,,,0.116020000000,  -0.49600,
,,,0.116040000000,  -0.51200,
,,,0.116060000000,  -0.52800,
,,,0.116080000000,  -0.50400,
,,,0.116100000000,  -0.46400,
,,,0.116120000000,  -0.46400,
,,,0.116140000000,  -0.45600,
,,,0.116160000000,  -0.37600,
,,,0.116180000000,  -0.36800,
,,,0.116200000000,  -0.35200,
,,,0.116220000000,  -0.27200,
,,,0.116240000000,  -0.26400,
,,,0.116260000000,  -0.26400,
,,,0.116280000000,  -0.24000,
,,,0.116300000000,  -0.20000,
,,,0.116320000000,  -0.20800,
,,,0.116340000000,  -0.20800,
,,,0.116360000000,  -0.12800,
,,,0.116380000000,  -0.15200,
,,,0.116400000000,  -0.17600,
,,,0.116420000000,  -0.12800,
,,,0.116440000000,  -0.13600,
,,,0.116460000000,  -0.16000,
,,,0.116480000000,  -0.14400,
,,,0.116500000000,  -0.11200,
,,,0.116520000000,  -0.14400,
,,,0.116540000000,  -0.16000,
,,,0.116560000000,  -0.10400,
,,,0.116580000000,  -0.13600,
,,,0.116600000000,  -0.14400,
,,,0.116620000000,  -0.10400,
,,,0.116640000000,  -0.12000,
,,,0.116660000000,  -0.15200,
,,,0.116680000000,  -0.15200,
,,,0.116700000000,  -0.13600,
,,,0.116720000000,  -0.16000,
,,,0.116740000000,  -0.17600,
,,,0.116760000000,  -0.12000,
,,,0.116780000000,  -0.13600,
,,,0.116800000000,  -0.14400,
,,,0.116820000000,  -0.11200,
,,,0.116840000000,  -0.12000,
,,,0.116860000000,  -0.16000,
,,,0.116880000000,  -0.16000,
,,,0.116900000000,  -0.13600,
,,,0.116920000000,  -0.17600,
,,,0.116940000000,  -0.19200,
,,,0.116960000000,  -0.13600,
,,,0.116980000000,  -0.16000,
,,,0.117000000000,  -0.19200,
,,,0.117020000000,  -0.13600,
,,,0.117040000000,  -0.13600,
,,,0.117060000000,  -0.16000,
,,,0.117080000000,  -0.15200,
,,,0.117100000000,  -0.12800,
,,,0.117120000000,  -0.16000,
,,,0.117140000000,  -0.19200,
,,,0.117160000000,  -0.15200,
,,,0.117180000000,  -0.19200,
,,,0.117200000000,  -0.21600,
,,,0.117220000000,  -0.16800,
,,,0.117240000000,  -0.19200,
,,,0.117260000000,  -0.21600,
,,,0.117280000000,  -0.20800,
,,,0.117300000000,  -0.20800,
,,,0.117320000000,  -0.25600,
,,,0.117340000000,  -0.26400,
